resource_state,athlete,name,distance,moving_time,elapsed_time,total_elevation_gain,type,sport_type,workout_type,device_name,id,start_date,start_date_local,timezone,utc_offset,location_city,location_state,location_country,achievement_count,kudos_count,comment_count,athlete_count,photo_count,map,trainer,commute,manual,private,visibility,flagged,gear_id,start_latlng,end_latlng,average_speed,max_speed,average_cadence,has_heartrate,average_heartrate,max_heartrate,heartrate_opt_out,display_hide_heartrate_option,elev_high,elev_low,upload_id,upload_id_str,external_id,from_accepted_tag,pr_count,total_photo_count,has_kudoed,efficiency_factor,decoupling
2,"{'id': 87134634, 'resource_state': 1}",Morning Run,2484.8,1020,1054,8.5,Run,Run,,Amazfit Bip 6,17461035788,2026-02-20T12:59:25Z,2026-02-20T09:59:25Z,(GMT-03:00) America/Sao_Paulo,-10800.0,,,,0,0,0,1,0,"{'id': 'a17461035788', 'summary_polyline': 'rayjCvzyfGBQAo@@YJg@?WCMEGOA[@IDCFCbAG\\Un@]f@QNk@t@[L}@Hy@G]I}@_@m@][WUUe@]k@u@c@{@YU{BcAo@KWKQ?IAe@_@{@[kB{@KUSKa@OgAi@]MUQu@UOC_@HKDMn@ILKFiEbAe@RgAN}@Re@Ry@JuBr@u@LmA^iAVk@TwAZ}@\\iD~@w@Zg@F{Bf@g@?QEaA]i@Y_A]SW_@IUSq@[WOiAc@EGEYCCGDCFQbB[^[PuBv@_ChA', 'resource_state': 2}",False,False,False,True,only_me,False,g23956883,"[-22.907291, -43.227471]","[-22.889267, -43.227845]",2.436,3.44,81.8,True,164.9,181.0,False,True,17.4,9.4,18558202619,18558202619,3309893739-1771592365-Run.tcx,False,0,0,False,0.8863553668890236,-14.001737066195883
2,"{'id': 87134634, 'resource_state': 1}",Tempo Run,5685.8,1902,2114,14.2,Run,Run,,Amazfit Bip 6,17461035868,2026-02-20T12:21:10Z,2026-02-20T09:21:10Z,(GMT-03:00) America/Sao_Paulo,-10800.0,,,,1,0,0,1,0,"{'id': 'a17461035868', 'summary_polyline': 'd{ujCruyfGb@TZJlAl@PLj@R`@Tp@R~@j@RJJPDBpAIlBg@hASl@[n@On@GdBe@tAc@\\Gt@Wv@O^Ub@O`@AbAWt@Yf@Wf@S|AU^MLIjA_@z@Mx@e@zA_@DIDWLQTMVAl@Lj@`@h@DVVnAd@FDV\\JHdC|@RNDL?Lw@jBAFBDF?BE`@aAZs@FCF?p@JTFlCrA^ZTV`@t@^b@rBtAd@Pv@PfAF`@EZITMd@w@f@g@LSNq@?u@BSJMLCRANBFDBFQjCB^AUB_@E`@@V?GGGAWBGBCBL@d@E]B[DAKx@FE@I@aAF}A@wBCwB@sBDgAl@mGJMd@WFI@KOcBKSMEoCA_AMeASO@EFAHDPVf@\\`AP|@FxALzBBbA^bFDnAFl@@fAH`A?NIb@c@bA_AnA]NeAJ[?UCk@Qq@]{@s@KEDJXTp@Z\\JdAP~@BVC`@OdAkAR]T{@@WEa@UcGQwAk@}KOy@g@yAG[BOPER@xAXdDLNHJNP`ADn@Sx@Gp@e@vEGfC@fACn@BrBErAKl@', 'resource_state': 2}",False,False,False,True,only_me,False,g23956883,"[-22.890906, -43.226659]","[-22.907494, -43.226997]",2.989,4.4,86.3,True,168.2,194.0,False,True,17.4,9.4,18558202515,18558202515,3309893739-1771590070-Run.tcx,False,1,0,False,1.066230677764566,-8.263808331429347
2,"{'id': 87134634, 'resource_state': 1}",Morning Run,7006.9,2520,2520,21.6,Run,Run,,Amazfit Bip 6,17437804233,2026-02-18T10:03:23Z,2026-02-18T07:03:23Z,(GMT-03:00) America/Sao_Paulo,-10800.0,,,,0,0,0,1,0,"{'id': 'a17437804233', 'summary_polyline': 'vwujCbyyfG`@MRUJOFWDm@HCb@JtCrAf@N|@f@vAn@ZLj@Jj@@TCr@MvAi@TAv@Y|A_@r@Sd@Kf@Ol@MnA[`Ck@zBm@`@Ql@Kp@Y`AYxA[v@WVOhAY\\UbAWFIDc@BINIVCVDv@X~@d@TRd@XhAb@\\Pn@RtAn@NJDLX@tA^bBj@ZLXTLNPXTj@`@j@`BlAh@X`@LxATp@A\\ERIPMb@s@X[Ti@Lo@AUK_@?IDIPGnAIJGDM@YKkD?_DPwABc@TcBDk@DYRo@?m@KkAEMIG[GeAEc@Ii@AeBYW?KF?LX`@Rd@f@`C@vAL`B?~@LlB@f@Dn@Hh@VrDDJNFh@ALGDKEkA@YGm@CcABwBDu@Fe@Fy@TcB@m@DWJMJCJ@JH@RGn@Or@A`@Kv@M~ABnHE|@EDGBs@@c@FIPBfA]|@qA|Am@Z[Jg@@c@Be@GOIWGcAi@m@a@e@W]_@OYUm@Ia@KcAOs@OwBKk@?iAN_CAKGEE@AFJj@@x@P~DZtB?PELGFKBY?s@Uc@Ca@Qg@MQK_@EUOa@SMS_@[oFkCaBm@c@EM@GFEPC^CFKDwBj@aBf@m@LmA^aDp@yAb@}@PoAZq@X}@XwBh@gCv@_@Jc@@e@PcD|@c@B[AQC_C_A_@UkEqBY[CSEGEBEPY~AGNGF_@TwDzA', 'resource_state': 2}",False,False,False,True,only_me,False,g23956883,"[-22.890353, -43.227219]","[-22.889559, -43.227632]",2.781,3.72,84.6,True,157.1,184.0,False,True,18.4,9.4,18534910235,18534910235,3309893739-1771409003-Run.tcx,False,0,0,False,1.062126034373011,4.536324365563109
2,"{'id': 87134634, 'resource_state': 1}",Fartlek,9003.9,3196,3251,21.8,Run,Run,,Amazfit Bip 6,17426003430,2026-02-17T10:28:51Z,2026-02-17T07:28:51Z,(GMT-03:00) America/Sao_Paulo,-10800.0,,,,0,0,0,1,0,"{'id': 'a17426003430', 'summary_polyline': 'bqujCv|yfGZOb@ING`Am@j@Y`@O\\SLKJSRaAJGLCF@f@Zl@TjCxAfBv@r@b@PBtAK\\M|A]\\E~@WJELOJEdCu@v@M`AWl@SpAY^MfCq@vAg@dASl@Qv@MJIL?TEPGJIXMvAY|Ac@JKD[?a@I_@C[@IBAD@Z`@HPFFZJ\\FfAn@n@Rn@VX^x@`@f@PTJXJd@Tb@PF?TCP@j@^rBx@j@^RPpAtB|B~Az@\\XFz@Fh@CVILIz@eA^[HMRc@DU@UEs@?EFEl@?LCHB?NKv@QhABRLLCMBUCY@[Gn@Bd@Ck@?WFq@Bo@JsA@y@G_FLgAB}@^cEEQKGKCU?SBuBXMHCNB~@Jl@Ft@Af@BpAJ`@Fx@D|AP|CBJFDz@@JJElAI`ABf@D@FM\\wBFmABcDGqBBkBLyARy@Z{BNs@?MCu@Iw@IQWI]Cw@?cACgAQ}@SM?GH@LT\\Zl@Lf@VrBZxGR~BPbFFNPDbA@RGFOHcBCaC@qAEo@RaADaARuAJgACKGISGU?i@BaATiAFMFAHA^^vE@|@LhALpBJdCBJHDL?j@CHCFKEaGRoELeAFkAFi@FKPKJ@DB@HIh@SxBI^?VG`@?f@Ev@DxBAtA@b@E|@EFKFkANIDEX@x@G`@Q\\i@v@m@t@s@Xq@Hm@C[Gs@YaAg@_@]q@a@YW]c@Uk@W_@[Y_A_@[IuAc@c@Ee@YqAk@IYMKyBy@qAu@m@Um@[MAa@FSJGLE\\EDy@Rc@Ve@HuBd@y@Xw@RYLy@R}AZkBt@iHjBaARmBj@u@HaBb@s@Tq@LWBe@A_A_@c@Mw@YmBiAu@[i@]]KUAMHGFQv@UZOLu@^yBv@_@Je@VYJGHAR', 'resource_state': 2}",False,False,False,True,only_me,False,g23956883,"[-22.889299, -43.227797]","[-22.889131, -43.227978]",2.817,4.64,85.0,True,169.4,194.0,False,True,17.4,9.4,18523070280,18523070280,3309893739-1771324131-Run.tcx.gz.tcx,False,0,0,False,0.9977567886658796,8.996438407609194
2,"{'id': 87134634, 'resource_state': 1}",Morning Run,9004.9,3235,3235,46.8,Run,Run,,Amazfit Bip 6,17404207260,2026-02-15T10:25:27Z,2026-02-15T07:25:27Z,(GMT-03:00) America/Sao_Paulo,-10800.0,,,,1,0,0,1,0,"{'id': 'a17404207260', 'summary_polyline': 'n{ujCluyfGLLf@ZrDjAt@f@PD`@X^NLJd@Dn@CfG_BjDw@l@W`B]hCu@hCm@|CcAtA[zAc@b@UbAY`@Ip@YHGBGHi@RKHAj@HZH^Vn@TdAz@vBr@jAf@VLXVz@Zj@LdA\\pAp@PLXXj@fARVbC`Br@Rb@Hh@Dl@E`@KPMb@k@^o@\\cAFiAFQTIbAKDEDK@}AEeAAmCXwCReAPuBLy@As@CYIi@CGIGsCKeCa@q@So@a@g@e@qCyBMEM@GFARNp@h@bENhBf@tD^|DFPTLZDTKj@_ADSB[AY[{@Mq@Cc@@gAHi@Va@TOLEH?LDJJFNVfADh@RnDD|ANfAJlA@`BFrADd@BHHF`@?T@HHDN?PGd@IlB@HDBDG@[LaAHc@Ba@?gCAm@@mBCgAJoAPmAHgARmBPcAOkBIMMG_ACq@@g@Ck@GqAUM?CLRd@@RGJ_@VQTK\\E^Bv@Dn@`@tBAl@K\\m@~@KFSDMAOCOMEKKuAS_Au@iGYcDa@qC?OHMHCXFbB|@`Az@j@^l@Xd@PfB^nAFz@C\\HLNLn@Fl@@b@YxAGt@IZKxAO~@Cd@?\\Bn@ErB@fAArAIHu@D[FIFCJEtAY|@SZ]^[b@YPy@HaA@g@Mk@QwA{@WS]Sa@_@[a@Wm@OWIK[Se@Sy@McAa@OCQ@ICa@_@}As@S_@OM{B}@cCgAi@Ma@DMFGLG^GFeAZa@Fm@VkAToBp@eAPo@Ty@NgAX_@L{A`@yAd@eAT{@Z}@VsAXu@Ro@HwAf@oBd@i@@e@Gu@YgAo@k@WuAk@_@UcAg@KEUAMFGHITIf@ILSP{B~@wAf@oAt@D\\JL', 'resource_state': 2}",False,False,False,True,only_me,False,g23956883,"[-22.890951, -43.226625]","[-22.889227, -43.228126]",2.784,3.78,86.2,True,169.5,188.0,False,True,23.3,9.4,18501163322,18501163322,3309893739-1771151127-Run.tcx.gz.tcx,False,0,0,False,0.9854867256637168,6.08843536726095
2,"{'id': 87134634, 'resource_state': 1}",Morning Run,7004.1,2735,2739,19.6,Run,Run,,Amazfit Bip 6,17383984928,2026-02-13T12:35:14Z,2026-02-13T09:35:14Z,(GMT-03:00) America/Sao_Paulo,-10800.0,,,,1,0,0,1,0,"{'id': 'a17383984928', 'summary_polyline': 'hrujC~{yfGTGxAs@fAa@ZQX]TeAHKFAJBTHXDbCdARDRNZLb@XnB~@RDh@CdAUlBQFEAMK[KSE[M[@EJ@NLR^H\\FF^Cb@IxA_@b@O^Gr@UTCz@a@^G~Ae@j@I`AEb@GbBk@dBg@x@c@f@Ad@SZIfDk@VMHc@BGPMVEN@XHHFJPd@RRNx@Z|@`@d@LFFTBTHzAr@XNXHl@V`ARfBn@ZTTXfAfBvA~@JD^Bv@Zh@Lh@Db@A`@KNMfBiCBOC{@BOp@WFEFKDe@?i@EkANyABc@DKJCPDJPHlBAvAHf@CPO\\KBIEMw@IaA@eE`@aGLmADONKL?HH?\\MbAMp@Cv@ShBA^@l@Dl@Az@@h@Ap@B\\E`AArAUxAIZILEAAEEaAHcC@iAEwCH{BAi@HoAX{B?WHk@?MGKQCg@BeANk@@IBCD?XJ~ABbALvA@|@D\\Bf@Hp@FnAFb@LhDYjA_@t@q@v@QJWH_@@i@CyBi@cAu@]SWKMK_@a@w@gAWc@MM_Ae@y@Ye@G]MG?G@QTg@fA_@ZDUf@{A@SGOmB{@K[MKeBq@[S{@_@aA]]G[BUJCFMf@KJiATu@VYDwA\\U@KEIPWJYBu@Pg@PcAT[Ly@RmA^q@Nm@Ri@Ne@Fy@\\wA^_@LiBd@q@Jo@XaB\\m@RUBm@AYGsAy@aA_@QCACDGACGAU@MC_@YkCqAEGCKCCG@CFS`BGJSTc@VmBr@iAd@', 'resource_state': 2}",False,False,False,True,only_me,False,g23956883,"[-22.889484, -43.227678]","[-22.889525, -43.227665]",2.561,4.16,83.8,True,165.4,177.0,False,True,17.4,9.4,18480797338,18480797338,3309893739-1770986114-Run.tcx.gz.tcx,False,0,0,False,0.9290205562273276,7.213820696573061
2,"{'id': 87134634, 'resource_state': 1}",Afternoon Run,2544.1,1568,1886,11.5,Run,Run,,Amazfit Bip 6,17365534360,2026-02-11T18:20:38Z,2026-02-11T15:20:38Z,(GMT-03:00) America/Sao_Paulo,-10800.0,,,,0,0,0,1,0,"{'id': 'a17365534360', 'summary_polyline': 'l_yjCfxyfGCRUl@MPu@dASNODm@D_@?k@GuA[u@[WQc@e@UIWe@G[Ua@g@i@WIYCYMo@Oy@_@]KQMQEGGIOK?mAc@CE@QOMeC}@k@[m@Ue@Um@SSC@C[?UBEFERAXKJo@L[PQFmCj@UHaATu@\\e@FYL_ATm@TQDWNs@JqB~@wAPiATg@DSJmA\\YJm@L[@a@DQNe@Na@RaBZU?_@B_@AKGYIuAy@QESMQQa@OQCa@[aA_@YCICIIG@QVYt@UTsAj@w@TeA`@i@\\YJKJ@FCFSRG@IAI?MHOBIHEJ]\\I?MGA@QVc@NOLMr@@LIEC?IH', 'resource_state': 2}",False,False,False,True,only_me,False,g23956883,"[-22.906948, -43.22708]","[-22.887886, -43.229022]",1.623,5.62,62.0,True,132.5,169.0,False,True,17.4,9.4,18462318578,18462318578,3309893739-1770834038-Run.tcx,False,0,0,False,0.734943396226415,22.421993521956807
2,"{'id': 87134634, 'resource_state': 1}",Afternoon Run,450.7,164,327,0.0,Run,Run,,Amazfit Bip 6,17365534116,2026-02-11T18:14:54Z,2026-02-11T15:14:54Z,(GMT-03:00) America/Sao_Paulo,-10800.0,,,,0,0,0,1,0,"{'id': 'a17365534116', 'summary_polyline': 'hbyjCzryfGEb@DFD@EaA?iCCmACUCM@EDABHAnABdDE~@CJGH]CSBQ|@AR', 'resource_state': 2}",False,False,False,True,only_me,False,g23956883,"[-22.90741, -43.22622]","[-22.906972, -43.226935]",2.748,6.48,64.1,True,154.3,178.0,False,True,12.1,10.5,18462318414,18462318414,3309893739-1770833694-Run.tcx,False,0,0,False,1.0685677252106287,-25.647190311881197
2,"{'id': 87134634, 'resource_state': 1}",Afternoon Run,4943.0,1845,2560,15.9,Run,Run,,Amazfit Bip 6,17365534145,2026-02-11T17:31:21Z,2026-02-11T14:31:21Z,(GMT-03:00) America/Sao_Paulo,-10800.0,,,,1,0,0,1,0,"{'id': 'a17365534145', 'summary_polyline': 'l{ujClsyfGHg@CyABk@ASDmCDMtCi@PIf@Mz@IpA@j@FtAAf@EZBLCNOTQJ]r@cH?g@HY|@sATAJQ|B_Bx@o@D?lAbAJHFPp@`@n@r@`@TTTRJlA`AVVDPL@JDl@l@z@j@dAbAP@LGj@i@r@g@h@QD@\\|@R\\JZ\\`CPPNRL^NPF\\z@RhB~@p@VrAn@hBn@FDJX^VL@TEzA^vB~@FAFGHIBOEYASIYGeACSAg@CSBiA?eCFUBg@HW@SE_ADYLWNy@BcAR}ATgA@g@Ai@Rs@ZOH?L@TL|@~@|@h@`@Rl@d@XNFFRz@l@~ALj@JhBB`BLr@FbADb@FFH@~@KL?HDN\\F\\@XAfDDl@?dAO|AIpAGP@UBNDUD_CHi@@YQkHDE@i@XgBV}CCUFa@StBElAYhD?l@EhEDj@HF?JA?GIHI?EMOJ]GbBUfBInALO?]FaA?mABKB?BF@IEa@', 'resource_state': 2}",False,False,False,True,only_me,False,g23956883,"[-22.890949, -43.22631]","[-22.907368, -43.226302]",2.679,6.86,78.4,True,144.1,180.0,False,True,17.9,9.5,18462318335,18462318335,3309893739-1770831081-Run.tcx,False,0,0,False,1.1154753643303261,32.20388689694353
2,"{'id': 87134634, 'resource_state': 1}",Morning Run,8342.0,3258,3457,24.4,Run,Run,,Amazfit Bip 6,17304555447,2026-02-06T09:50:02Z,2026-02-06T06:50:02Z,(GMT-03:00) America/Sao_Paulo,-10800.0,,,,0,0,0,1,0,"{'id': 'a17304555447', 'summary_polyline': '~{ujCluyfGz@h@zAl@jEvBd@FT?XC`Ce@j@IRDROVGbBWbBc@vAc@r@QF@RSZMr@Kp@WxAYbBe@z@[fAWfBk@XEz@Wz@KRYt@c@FWBWEUTAbAHZ?dA\\j@ZZd@PLv@d@vBp@n@VTPTDTPt@Fx@VhAl@^XTXl@dALRr@n@`Aj@~Bp@p@D|@CHGh@o@p@mATiA?OC_@@IDC|@GFBBBAtAGj@A^@R@@DEDa@T{ABi@@}CGu@@ME{A?s@T{BNw@\\gCNu@@i@Iy@I_@IKGEQC_@@_@Cc@IYBo@G}Ac@]MeAq@cAu@}A_BQKOCfAp@fAdAZR~@x@Zb@d@z@r@zADT@d@?VGR@JCJ@RJj@D`@?XJjBVjD?r@TdCF^HHJBj@?JFBNEtA@FDKDe@Bu@QcEDYAa@Bi@Iu@?c@t@oHHKPEJ@FL?V[~BMPG`@Gj@ChAENKPGVC|ABTEp@?HHN?fACn@MdADoAGkACkBFeABSEeA?c@BWFWTgCDu@Da@AYEMMGq@ASBe@Zg@BQGM]ACC@NxC^hFDfAX~CLtB@d@Gp@O^i@z@KXGFMZQLUFeAJc@C}@W_Ae@sA}@i@s@Ga@[u@Wy@[sBOmD@{CCKMAGBCFBFDBNE@E?EKEG@CFBBJABF?tCDnARnBPr@ENCBAABBCZEFKAcAW}@Yu@MWKO?MDA?gAs@wCsAm@i@wAu@mBk@UAMDCDAl@CJIH[LaAPKCIBkBf@e@NE?OKAPMHoAV}@VO@a@Lk@LgDhAaATMHq@Rs@Hy@RSAQJmCt@{@LUNo@RkCl@W?YCa@Oe@M{@[aAo@c@KWSoB_A', 'resource_state': 2}",False,False,False,True,only_me,False,g23956883,"[-22.891032, -43.226628]","[-22.891139, -43.226619]",2.56,5.94,80.1,True,156.4,185.0,False,True,18.8,9.4,18400839387,18400839387,3309893739-1770371402-Run.tcx.gz.tcx,False,0,0,False,0.9820971867007672,17.27079208435276
2,"{'id': 87134634, 'resource_state': 1}",Afternoon Run,5186.7,1749,1796,22.0,Run,Run,,Amazfit Bip 6,17299177916,2026-02-05T19:07:35Z,2026-02-05T16:07:35Z,(GMT-03:00) America/Sao_Paulo,-10800.0,,,,0,0,0,1,0,"{'id': 'a17299177916', 'summary_polyline': '`~ujCdvyfGz@f@t@V^Xp@\\jAb@\\VLh@@MBCv@EVGr@Kb@OtA[xDeArAk@hBe@t@MXCl@Mf@QhAWr@[r@O\\QVGPKf@MtAS`AYv@c@b@Ob@OnAULGDUAk@~@?TDz@h@jAb@VLhA\\vB|@TDFARUx@WLMTk@d@{Ah@gARm@PaARmCTyABKPUNm@f@_ELk@Fk@DINGH?\\H`@R~CbCd@d@\\RxAZ`BTpADv@APJFNLtA@XMf@WnBG`AWtBGfABjHELMHeABSJGR@t@CZW|@Wd@WR[d@OJa@Li@Dg@?uA[a@SsA_Ae@U]YW]_@cA[[oBu@g@Uw@SI?KFCAKIQWo@[M[UOmC_Ay@e@gBq@m@IW@OFIPEXCFwAf@oCl@wAh@q@R}A^_@D_@Hc@N]PcAVyBt@oAZe@FgARWLqA\\w@Ni@Fc@RgA\\yA\\cADUCcAa@qBcAw@Qa@OsAs@e@QID]v@q@d@mB~@qAd@QJ', 'resource_state': 2}",False,False,False,True,only_me,False,g23956883,"[-22.891361, -43.226745]","[-22.889475, -43.227743]",2.966,4.32,85.1,True,163.9,182.0,False,True,17.5,9.4,18395401300,18395401300,3309893739-1770318455-Run.tcx,False,0,0,False,1.085784014643075,7.9428395460667796
2,"{'id': 87134634, 'resource_state': 1}",Morning Run,5624.8,2008,2066,19.8,Run,Run,,Amazfit Bip 6,17271183371,2026-02-03T11:30:08Z,2026-02-03T08:30:08Z,(GMT-03:00) America/Sao_Paulo,-10800.0,,,,1,0,0,1,0,"{'id': 'a17271183371', 'summary_polyline': 'n{ujCnuyfGt@VtC|AlAf@p@\\z@\\^Dp@A~C}@Dd@H@DGD_@BKRK`@MVWJGVCbAUp@Oj@Sr@Ib@Mf@Ix@SdAe@x@UbAUdBk@nAWr@MNMZChAa@DAPJDALELONIl@Mv@YFMDm@RIZEVBNFnAx@tAt@nAd@vBbAp@XLMFA~@b@~@j@dBt@XVnAhB|@t@pAx@nA\\t@Dl@GVGVSfAoA\\eABUAs@DSFCn@Kd@CDCBGBeAGoE@s@LcBRgAHo@JmARuAC{@Gs@KMSEaBAaAMmAIg@ME?EDBPd@~@\\z@DRFtBJfAH|AJz@HtADhDLnA@j@Jh@BZEf@M`@Yn@aAnASLWFe@H_ABu@SsAk@cCgB[c@Wm@g@a@{DmAKASBEEKUWQe@UaA]_Bs@a@g@q@a@mBy@]C[FGDGPG`@IHMDiCn@k@JaBf@yCp@c@Pg@He@N{A`@a@RiA^oAVy@Xk@Jw@X_Cd@o@HWLm@TwBd@y@FOCyB}@qAo@iAe@sBiAMAMHMPIl@EHQTSNQLmBx@}@Zk@Za@L', 'resource_state': 2}",False,False,False,True,only_me,False,g23956883,"[-22.890956, -43.226634]","[-22.889215, -43.227845]",2.801,3.9,85.7,True,158.0,177.0,False,True,17.4,9.4,18367256968,18367256968,3309893739-1770118208-Run.tcx,False,0,0,False,1.0636708860759494,8.760480929949555
2,"{'id': 87134634, 'resource_state': 1}",Long Run,12779.3,4388,4394,7.0,Run,Run,,Amazfit Bip 6,17261414214,2026-02-01T22:46:23Z,2026-02-01T19:46:23Z,(GMT-03:00) America/Sao_Paulo,-10800.0,,,,23,0,0,1,0,"{'id': 'a17261414214', 'summary_polyline': '|aekCbrpfG[g@{ByE{@cBaBsDaBgEc@cAw@sB]{@_@q@oBcGu@cBcFePgC{IaA_Dk@wCa@gDKcB@aDEMGAA@?DHVBPJ`EJrALfAj@bDtE|OrExN^hAp@|AnA~D|B~Fj@~Ab@`AVp@lAtCnC`GfDhG^j@zAvCp@dAf@`AhC|DbCbDVTdApAvAxAnBlBfAx@h@f@`ChBjDxBbFhC|@b@fCdA`FbBzFrAlATbC`@`D^hBJbCBfAErAKlBWfASnA[P?l@UhDw@r@K\\?\\HPJNTR~@J\\P`APj@D~@Hn@ZhAJ~@Ld@LlAPbADl@Lz@J\\LpAJ\\Hp@^bBVf@?RD^Af@E\\iA~E_@~BcA|EIp@EtB@^BVIZMvFCpAA`DIfBAfAIvBItEC`CY|JE|CIjBIxEGpAEjDG|@ArCI~CAlAG|AEhEJjATdFP~BL|CRvCDlBd@hHLtC`@lFNrAHpALnADp@`@tD`@bEX|At@lCzAxEJXJHDC?KW[w@iBsAiEe@}B[aCa@eFM_Aw@kHGsAM_BAs@S_CAw@QoBCiA_AiPEyAIq@UsFHeJVuLTgJL}GDaDDo@HeD?yAPoHB{CFiA?sADs@AQMME?AEEDCd@q@G}@Cg@E', 'resource_state': 2}",False,False,False,True,only_me,False,g23956883,"[-22.968784, -43.180011]","[-22.985889, -43.200865]",2.912,3.96,86.2,True,167.7,183.0,False,True,12.9,8.5,18357408190,18357408190,3309893739-1769985983-Run.tcx.gz.tcx,False,8,0,False,1.041860465116279,4.372265549479628
2,"{'id': 87134634, 'resource_state': 1}",Fartlek,9728.3,3496,4012,6.8,Run,Run,,Amazfit Bip 6,17232652394,2026-01-30T23:26:44Z,2026-01-30T20:26:44Z,(GMT-03:00) America/Sao_Paulo,-10800.0,,,,27,0,0,1,0,"{'id': 'a17232652394', 'summary_polyline': 'xbekCrspfGa@cAIGKMa@aAw@_BuAgD}@wAe@{@Wu@q@yAi@uAw@aCwBaFy@qC_AyB]oAu@qBk@kBuBoAZQAG[_AXY@G?M[oAm@gBKi@u@wBMs@Ok@Yw@e@aBo@wDMeAEm@KaD@{ACGEAAHF`@DnBNfCPbBJx@^jBj@`CnAnEn@hBfAvDpC`J~@jCd@dAbA`DpAfD~@lCjEfKzFxLt@lAr@vAxCfF|A`CrCzDlC`D`D|CrDvCbD~BdDnBbD|AvEnBhFbBpDz@dEt@zDh@dBLlCDnACpAIfBUzBe@p@K|Aa@jE_AP?\\NNLNVHX\\tBT|@F|@h@dCJbAN\\FX\\hDXbB`@tAJv@VpADd@FPBT?h@Gr@WrAQl@cC`MIv@GpD[hNAhACr@ApAGrAAjAYjMSfLEfAO|HE~@?t@Cl@CdBHKKT?V@}BJeH^oQJyCDyCJg@?Q@B@gEDuABwDXuKFoEAE@B_@A_@EmCEIGQWGEq@GcACk@KIGIQAi@G_@', 'resource_state': 2}",False,False,False,True,only_me,False,g23956883,"[-22.968927, -43.18026]","[-22.984782, -43.197936]",2.783,4.36,81.7,True,157.0,189.0,False,True,15.3,8.4,18328309349,18328309349,3309893739-1769815604-Run.tcx.gz.tcx,False,11,0,False,1.0635668789808916,11.239244594142862
2,"{'id': 87134634, 'resource_state': 1}",Morning Run,6011.6,2033,2051,19.6,Run,Run,,Amazfit Bip 6,17217227341,2026-01-29T09:19:44Z,2026-01-29T06:19:44Z,(GMT-03:00) America/Sao_Paulo,-10800.0,,,,0,0,0,1,0,"{'id': 'a17217227341', 'summary_polyline': 'ryujCjyyfGLEVYVaAHEVRb@NVFdAd@f@LvAr@jA\\PJt@F\\Cd@MXMvA_@RAVEv@Y`@E`@IXQZItA_@h@I|@[hFqAvDmAnB_@|@[nBg@h@YdAWDO?y@L?t@DXF\\RTTj@TXNXLl@^vAh@bCjAH@^GL@bAn@|@\\`@Xb@PLJV^^t@l@p@l@\\l@b@n@\\PHj@Jd@Fb@@^Ef@M^]t@cAVs@DU?KOgBA}@KmA[iFQ{@?YMqC?QPSp@QvBSNBHJIjBUbCGzACZF`FEbAIPo@JQJCRE|@Ol@O^cAzASJc@Lm@D_AE]IaA]e@Yo@e@WM[Y_@i@c@_AOO]W{@]y@SUO]KSCOFG?EGESIKk@UgA_@MIk@k@gAc@g@[cAe@w@Ua@CQ?GDOVGXIHoAVYJu@NcBf@g@R}J~B}Af@s@LqC|@wBf@]L]Fk@Tk@NcCh@k@@UA{Ai@eAg@cBm@uA{@{@]CI?k@FqB?yBF_BHEp@SnAUFE@ACA_@Bo@Py@PEFAf@OLu@R}@NwBt@c@DmAXsARoBh@AFBJ\\z@Rt@`@dAJn@d@zA', 'resource_state': 2}",False,False,False,True,only_me,False,g23956883,"[-22.890651, -43.227251]","[-22.888862, -43.227465]",2.957,4.6,86.5,True,163.6,179.0,False,True,17.4,8.0,18312814065,18312814065,3309893739-1769678384-Run.tcx,False,0,0,False,1.0844743276283617,2.3693704234081383
2,"{'id': 87134634, 'resource_state': 1}",Afternoon Run,6961.0,2581,2584,33.1,Run,Run,,Amazfit Bip 6,17198047718,2026-01-27T19:43:25Z,2026-01-27T16:43:25Z,(GMT-03:00) America/Sao_Paulo,-10800.0,,,,2,0,0,1,0,"{'id': 'a17198047718', 'summary_polyline': 'f{ujCfuyfGF@rAn@`@Lt@\\f@^xCrALJ@PDFDIHCz@A\\IvAi@t@SR@^OhA[h@QrA[jBk@v@M^Qn@IZMzCy@xAc@b@Uj@QxB[bAc@n@SLG~@WRMd@MFIBK@QCOHGRCRBPAf@LVLJLRJXFz@j@l@PHF`@j@HDj@Lt@b@`@NDJ?HMf@@HD@JEFML_@FGLB\\NrBl@vAr@HLRf@X^TTFTZV^NZTd@RRN~@\\r@B^FPCn@WbAwAf@kAD_@?_BOqA@m@EkAUeEI{@A[UuBEmAO_ASi@o@qAk@_AIK{AiAa@_@}@m@KAMHAL?Nj@bGh@hED~@N|@@\\AXFfAEZs@pAe@`AWn@YbAUtAI~@Db@Rf@^\\|A|@f@Tt@TNBt@@NAp@Oj@k@PYf@mALg@?_AIuBO_CMcA@s@JKlAUHBFDDFBPH~FA~@ERCDGBc@BIFER?j@E^s@zAa@ZOTMJg@Rk@Ls@CuA]QKy@i@aAy@g@m@e@}@[[]Sc@Q{Ag@c@KSMGAKFu@`BEDG?EC@Id@_B@MAKaDoAW]KKi@ScAo@u@Wk@YUCWBWLILC`@GJm@NWLaE`Aa@e@KC@BRTBJoBv@qA^kB\\mD~@eBn@eD|@sAVe@LWLKGKP}Ad@aBXk@BYEWS}@Yw@e@}CqAsAw@IUCi@CEIDGNYzBMPYTGL[NwCfAe@Za@NIJ', 'resource_state': 2}",False,False,False,True,only_me,False,g23956883,"[-22.890917, -43.226595]","[-22.889185, -43.227915]",2.697,3.74,83.1,True,155.8,179.0,False,True,23.7,9.4,18293537615,18293537615,3309893739-1769543005-Run.tcx,False,0,0,False,1.0386392811296532,1.4835902952790743
2,"{'id': 87134634, 'resource_state': 1}",Long Run,12896.6,4625,4632,8.4,Run,Run,,Amazfit Bip 6,17177479172,2026-01-25T21:17:14Z,2026-01-25T18:17:14Z,(GMT-03:00) America/Sao_Paulo,-10800.0,,,,28,0,0,1,0,"{'id': 'a17177479172', 'summary_polyline': 'lwdkCh`pfGc@_AOg@k@wAg@}A{ByFyAoEsAmDi@mBgAoCMm@u@_CIa@w@qCi@_BYgAY}@I_@Sq@k@{Bm@uDEwBOoBAs@Di@CIGAABLTBLD~BNzCTlBRhAVhA`CxIjGjSh@~Ad@~@Rh@pBjGh@xAJNRn@JRt@vBdAxBHXf@dA\\~@~AbDb@dAdE~Hr@nA\\f@\\r@VZZl@tBfDdB|Bf@j@`ArArDxDzBrBpEhDhBlAbDjBdF|BfCbA|Af@|DfAjFfArDl@hBPzCLvAA|BKjC]~FoAhD{@\\?\\HRRLV^bCLf@\\|BRd@Np@LpAPj@PvBTdBLh@h@hB@RLh@L~@L^LhAMjASt@_@vBqA`Go@dDEb@i@`UCrDQbHEzDc@zPA`CMfEa@zUGlBBvBHvA@f@p@|LHbANtDv@zMf@fGdBrQHh@VjApAvE`AxCHJFBBC?ESYgAaDi@oBYw@]eBKu@_AsIEy@YaCGy@Y_CCm@IgAG}AKeBGyAMuAG_C_@_FMyCY_EK_COiBCuADiB?kBDoBJmENsDA{AD{DJyAJuIViI@qBBc@B}CVkJ?eADg@HiDDoDDyAHi@C{@DkADs@\\aBN{@n@iCl@kDBEBAN?BBBK', 'resource_state': 2}",False,False,False,True,only_me,False,g23956883,"[-22.96711, -43.177168]","[-22.987887, -43.195358]",2.788,4.2,83.6,True,155.3,176.0,False,True,12.5,8.5,18272820751,18272820751,3309893739-1769375834-Run.tcx.gz.tcx,False,9,0,False,1.077141017385705,9.69895190831692
2,"{'id': 87134634, 'resource_state': 1}",Evening Run,6012.2,1972,2283,4.1,Run,Run,,Amazfit Bip 6,17167037561,2026-01-24T23:26:02Z,2026-01-24T20:26:02Z,(GMT-03:00) America/Sao_Paulo,-10800.0,,,,29,0,0,1,0,"{'id': 'a17167037561', 'summary_polyline': 'dndkCxlofGg@yAq@sAiAsDoAuDWw@AM_@wAw@{Bm@}BUq@i@mBUq@i@mBg@iC]uCMaC?yCCKICCBJTBvBTdDZfCh@jCzCjKrDrL|AzEhAtC|@rCxAbEPj@vAfDZp@Nb@fAdCJ\\nHbOvFtJ|AbClBfChBvB`BfBhAfAhB|AvC|Bb@Vp@j@lBnAxC|ArDdBvBz@`DfA|Cz@jE~@zCf@tCZxCNrA?tBIdAKnBYdGsAxCs@N?XHVLPLL`@f@bCHXHl@Bh@j@vBR`APrALtBP~ANl@N|@Rv@XrANl@PnACb@E^q@pCgBdJ', 'resource_state': 2}",False,False,False,True,only_me,False,g23956883,"[-22.965629, -43.174048]","[-22.987192, -43.197373]",3.049,3.96,85.5,True,168.7,184.0,False,True,12.5,8.4,18262223584,18262223584,3309893739-1769297162-Run.tcx,False,4,0,False,1.0844101956135153,8.209914157641707
2,"{'id': 87134634, 'resource_state': 1}",Morning Run,8313.4,2901,3706,31.4,Run,Run,,Amazfit Bip 6,17150689958,2026-01-23T13:49:16Z,2026-01-23T10:49:16Z,(GMT-03:00) America/Sao_Paulo,-10800.0,,,,1,0,0,1,0,"{'id': 'a17150689958', 'summary_polyline': '|zujC|uyfGHLVNZ@\\TRDx@`@f@Vj@b@t@`@^LTTHZRE`A@fASXK~@SNFZS`Ba@VE|Ae@b@Il@Sr@[HAHHD@HSZOjD}@pASbAWdA]jCq@RGROnA]`@UfA[FIDQHQJKREXBLDj@\\XZd@LpAl@x@RVNf@P~Ar@DLAHw@jBCHBFHI`@_ARYRa@DCP@bAVv@b@\\Nj@?NEFIBI?KYeAEa@EqC@iCCGECI@CDVE@IADDZAnABQ?_BEMABAPF@@BHnABAAaCJMAjA@hAFpBDb@DR@^RhAdAfDX`@\\ZhBdA`ATb@HZ@b@Ef@KRQNQn@eAZy@F_@C_AM{BWcDCsACm@Gi@CkAQsAXvDRvDJz@FfCLhB@l@GXMZc@l@_Az@a@Ni@He@AqAY]QyBuAMKWc@c@wAWeBS}@Ei@EgAA}EFdELrCF\\VlAz@pCNVTRrAz@h@Tx@Tp@Lf@@f@EVIRQRU`@q@\\}@DS@[E{@KqACkAa@qGE{AEe@I[CaAM_BMk@m@wACM@IJKRCjAVRBlBB^Cj@@JHHb@Rb@CRAl@IVSnAEp@@LANe@hDDbADPKl@D|CA`ACHGDiAJSLKX?\\Gr@Uj@]j@m@r@m@Pm@He@Ay@OeA_@cBkAi@g@U[[q@m@o@aBm@g@_@]SSAc@BMCWMaCaA[c@qBaAsB}@m@IO?SHEJIh@[PY?u@ZeBb@y@JMHs@RuBh@i@PmBb@ID}A`@_@FwBf@}Af@]NcBb@kB\\o@VuCr@k@BYAUG{@_@UOaAa@WO]KiC}Ac@IE@EDOd@Kd@MR', 'resource_state': 2}",False,False,False,False,everyone,False,g23956883,"[-22.890863, -43.226707]","[-22.890672, -43.227041]",2.866,5.0,84.7,True,159.3,191.0,False,True,18.8,9.4,18245773622,18245773622,3309893739-1769176156-Run.tcx.gz.tcx,False,0,0,False,1.079472693032015,20.654905234593183
2,"{'id': 87134634, 'resource_state': 1}",Afternoon Run,6273.0,2298,2325,32.4,Run,Run,,Amazfit Bip 6,17143677844,2026-01-22T20:39:53Z,2026-01-22T17:39:53Z,(GMT-03:00) America/Sao_Paulo,-10800.0,,,,1,0,0,1,0,"{'id': 'a17143677844', 'summary_polyline': '~yujCtxyfGR[JiADGB?XJnAp@nHbD`@@|ASfBk@t@KjBe@|Ac@t@WXG^Qn@IZK`ASj@SnBc@vDkAvA[pA_@NELMb@Ml@YtAWBGBSI{@DO?QE_@_@cBCYSgA?KJg@Cc@MYW[]k@Oc@iAyHu@sCs@_BQ{@AQLq@DI^UfAc@VWl@QHIHUFGbAa@hAy@ZM^[`@Kb@WJAX?VFp@^XLxAfAh@f@hAz@NHPDTLn@LXLnAN\\AJEZELGb@EVQLDPRAf@Md@CVEzBIX@RSPSXGVHf@VZBFEt@?REVJ?FEDcABIFELPHh@Nh@f@fDTrCdAlJAPKVk@z@o@hAQf@o@zBINKHUBy@AwAe@w@Ou@YSAIDS`@SPc@t@EBAC@Gj@kB@OCKqBu@aCcAUOY]UO{@a@k@]AEJKvAy@NEHDxAnBpB~AXXVNRR?DI?_A]{Ac@_FyBGBIPK`@Uh@AXENINGFG?EI@q@AGECM?kD|@sBt@iFpA{Bt@sAb@YFCHAJCBEAGOY@}Bj@qA`@o@H{Ad@SJo@JW?WBsAT_A@k@O_GwCu@Yo@_@IAGDEH[hAWXWNaE`By@f@', 'resource_state': 2}",False,False,False,True,only_me,False,g23956883,"[-22.890717, -43.227149]","[-22.889262, -43.22786]",2.73,4.34,82.5,True,154.2,183.0,False,True,23.7,8.8,18238707189,18238707189,3309893739-1769114393-Run.tcx,False,1,0,False,1.0622568093385216,-3.162328002427145
2,"{'id': 87134634, 'resource_state': 1}",Morning Run,6004.5,2009,2016,22.8,Run,Run,,Amazfit Bip 6,17114895489,2026-01-20T11:06:23Z,2026-01-20T08:06:23Z,(GMT-03:00) America/Sao_Paulo,-10800.0,,,,1,0,0,1,0,"{'id': 'a17114895489', 'summary_polyline': 'l{ujC`vyfGB?ZTTFd@^VLzAjAJJfCfBPBh@?^C~@WrAU|DeAbB[jBk@\\GVQ^On@E^GbAc@bAYd@Sl@MfBo@dAUj@O|@a@|@Ud@SnA]FM@c@DMNIVA\\HRVrB`Ax@h@dAb@~Ah@p@ZFFFRDDFCNU\\B^N|A~@`Af@XRRXr@zAl@h@nA~@bA^VFdA?j@G\\KNIRUJQf@}@Pe@Jc@B_@IeAKc@GaBS_DGaBKaAEeBIwAOy@AuA_@uAUi@AQ@EHEXEp@HbATr@HbAG^?PDPNBFNhA@T?\\Ur@m@nEErBHb@@d@EZAt@AvCEJGDsALQHAT@p@GTGHAH@\\GT[n@_@Tc@f@k@Hk@@gAOa@IQImAy@}@e@c@[OSOo@MWY_@MKmAg@mA_@QIOO[CWBi@SmAk@U_@SO}Aq@uAu@_@KaAa@c@DSJGNG`@IDi@Hm@VwCv@K@QCQBg@Rc@Fc@Nu@Xe@F{Cv@g@Py@^aAZ_ANe@Ni@Hc@Tq@RqB\\_Bh@{@TaANs@B[Cu@[mAq@w@]c@OmB}@a@UKKEMAsAIs@DqDBB?NEpBC^@r@Ix@Ez@M`AENUXa@Tk@NqCfAy@j@G?CK', 'resource_state': 2}",False,False,False,False,everyone,False,g23956883,"[-22.89095, -43.226726]","[-22.889146, -43.227818]",2.989,4.68,85.5,True,162.8,185.0,False,True,18.7,9.4,18209732285,18209732285,3309893739-1768907183-Run.tcx,False,1,0,False,1.1015970515970515,21.80438336767231
2,"{'id': 87134634, 'resource_state': 1}",Long Run,12805.5,4408,4503,6.2,Run,Run,,Amazfit Bip 6,17087282177,2026-01-17T23:55:31Z,2026-01-17T20:55:31Z,(GMT-03:00) America/Sao_Paulo,-10800.0,,,,59,0,0,1,0,"{'id': 'a17087282177', 'summary_polyline': 'v|dkC`jpfGUg@cAkBeDwHa@eAgA}C}A_Ee@{A_A_C_A}Co@kBeE}MgAuDgA}DYuAQkAWaCOcDBcBAGGCJ\\PfECXD`@l@jEr@~ClBvGZ|@~B|HVl@`@tA~A~Ef@fApBfGjBhFlBfEz@vBbDhHtCrFhEvHbBjCfE|FvCbDdC~BlEnDzDfCrBjAxDjB~D`BxC`AjCp@hCl@`Cb@lDd@fBPdAFbB@fCKfCUvFiAdFkAH?HD^RJHJPb@hBf@tCLbA`@bBJt@H\\^xC@d@TdARp@FP?LJp@DNAT@LJZFJL`AJXDj@C\\Mx@W~@s@nDD@FCOHGRYvAUbAQhAU`ACXCv@AzDQzFUpNM`EKxGc@lQYpPGvAIpGIzC@rAj@tJx@rOLlAb@`J^`F|@xI^rEThBVlArAtE~@rCDHD@?AAKOSQYo@_B_@iAcA}DWiBq@_HW{Cc@oDk@gJ{@sOGsAOuBGiBEe@Aq@UqDGmC@gBRkH?oBFaDNoGDkDn@gX?eAN_GJqGd@cRBYH_@', 'resource_state': 2}",False,False,False,False,everyone,False,g23956883,"[-22.967953, -43.178722]","[-22.987062, -43.19774]",2.905,3.95,84.2,True,161.0,189.0,False,True,12.5,8.4,18181837378,18181837378,3309893739-1768694131-Run.tcx.gz.tcx,False,14,0,False,1.0826086956521739,4.815040562140388
2,"{'id': 87134634, 'resource_state': 1}",Morning Run,5291.0,1734,1752,19.6,Run,Run,,Amazfit Bip 6,17074952687,2026-01-16T09:14:25Z,2026-01-16T06:14:25Z,(GMT-03:00) America/Sao_Paulo,-10800.0,,,,0,0,0,1,0,"{'id': 'a17074952687', 'summary_polyline': 'hzujChuyfGxBr@pAr@h@Rj@`@j@XRH`@HVLRP`@Hj@Ab@Mb@Kb@UpAYjA_@lAUr@St@]t@KlBg@`B_@TCv@Sv@[jAS`A]^I`AYjA_@d@[\\O`B_@h@QNMHe@DGRQP?XBh@J^^v@f@^Nv@d@nA`@bBr@d@^`AT|@Nh@Pl@\\z@r@pAnB~@f@|@n@dAZZDf@Db@?l@Ob@]\\c@h@y@FOB]?e@Km@Ac@Io@Eo@_@aKUsBAQDKHIf@OlBOXGNBFN@VAdA]jDInB?jAHhDATEHKHk@DMFERAr@Gb@Wt@]d@s@r@i@VUFc@D[?}Aa@{@e@}@q@]Im@a@SWQs@KSKK}@o@i@QuAi@s@Ms@a@Sa@_@UwCgAsAq@kAi@_@Ge@HGBIPEf@OL}AXuAd@kG`BuC~@o@JsA^}Bd@gBf@w@ZqBj@i@DcA^iB`@_@Fq@Fi@G}@c@cAm@qCmAg@QkAu@ILGj@GVOVOPo@^uAd@WNiBv@', 'resource_state': 2}",False,False,False,True,only_me,False,g23956883,"[-22.890769, -43.226605]","[-22.889273, -43.227835]",3.051,4.06,87.2,True,166.2,179.0,False,True,17.4,9.4,18169355725,18169355725,3309893739-1768554865-Run.tcx,False,0,0,False,1.1014440433212997,8.697565726496826
2,"{'id': 87134634, 'resource_state': 1}",Evening Run,10006.9,3165,3561,9.0,Run,Run,,Amazfit Bip 6,17053283395,2026-01-14T23:19:16Z,2026-01-14T20:19:16Z,(GMT-03:00) America/Sao_Paulo,-10800.0,,,,36,0,0,1,0,"{'id': 'a17053283395', 'summary_polyline': 'pndkClnofGC[W_Ag@kAi@mA_DyJkFgQu@wC[yAY}BUoE?sBCEG?C@@DHR@R@nBFzA`@|D\\fBxDzMPd@jCzIxBtG~@xBx@lCnCtHxAfDtAdDxClGhBrDtFzJdCtD|B`DjBvB|A`BbDzC`BpAlBtAvCnB~@b@bDfBhBt@nAn@@Ad@R|DnAjEfAxBd@lCb@|Dd@vBJdB?dCI`C[`MmCX?VFTLNVHVXrBp@hDJVFVRpBZ~Ab@vDp@tCHfAXrALZDp@I`AoCjMD@CBCF[~AKz@IlFIpCCtBK|EIbCi@`XCfBBDCBAFGbBQbLGpAOnHObJ?`DPvDPxBPbEP?A@KACKQwBa@gIGiBN_GBwCFk@BuBHcC?c@HsC?cBNmF?u@N}CAy@PaI?kAJmDRiJCIU[AgAS[MAi@@}@Gc@DOCIOIEiABk@Me@Ac@BQAEGCUMYM_AHy@AS', 'resource_state': 2}",False,False,False,False,everyone,False,g23956883,"[-22.965682, -43.174307]","[-22.984437, -43.199746]",3.162,4.2,88.7,True,175.6,193.0,False,True,14.9,8.4,18147503888,18147503888,3309893739-1768432756-Run.tcx.gz.tcx,False,22,0,False,1.0804100227790434,11.952264148329945
2,"{'id': 87134634, 'resource_state': 1}",Afternoon Run,5429.9,1803,1823,29.3,Run,Run,,Amazfit Bip 6,17040717230,2026-01-13T20:55:07Z,2026-01-13T17:55:07Z,(GMT-03:00) America/Sao_Paulo,-10800.0,,,,0,0,0,1,0,"{'id': 'a17040717230', 'summary_polyline': 'd{ujC`uyfGnAh@hBl@xCzAPN^TL?~@Cp@QPALCb@S\\EZIVEpAc@zBc@~@[b@Q`AUF?FFLb@AWFMnAg@~@[xAY|@Yn@[l@OLGh@Kn@Uz@O`AM`AQ\\WfAe@BGDa@?[CUBI@AFB\\Zv@LZNx@Xb@XbA\\\\b@jAj@l@Tl@Xb@Hx@d@n@LhA`@`@N\\XXXjAlB\\XdBhAl@Vp@L`@@b@Aj@KRKRQt@uAZu@F]AiAMcAIqAIs@U_EOiACoAIkADMTUXM^IlBWH@B@DPAv@S|BO|C@dGC`AGLk@FQHEFEhAE^O`@a@v@q@p@UJg@J[Da@Aw@Kk@SkBoAs@SaAmB]c@YS_Ae@aA[a@]MCc@BOEkAk@[a@MI_C}@oAo@_@Qo@a@MCg@?UBKNKj@UXi@Nq@LiA\\sAZqAiA[Ue@c@]e@_@YSGMFe@l@Yh@y@`AWR]Fk@TwA^eCj@{@JGDGRKIo@PS@_ARaA\\GJSCk@Dq@TeATuAHiAP_AJq@OYMsBmAIUIH]fBY\\WN}@ZiBv@WHYR_@P', 'resource_state': 2}",False,False,False,True,only_me,False,g23956883,"[-22.890907, -43.226569]","[-22.889246, -43.227835]",3.012,4.3,87.8,True,169.5,186.0,False,True,27.5,9.4,18134853527,18134853527,3309893739-1768337707-Run.tcx,False,0,0,False,1.0661946902654866,7.7725159923693905
2,"{'id': 87134634, 'resource_state': 1}",Afternoon Run,10585.0,4530,5338,480.7,Run,Run,,Amazfit Bip 6,17016276362,2026-01-11T18:15:09Z,2026-01-11T15:15:09Z,(GMT-03:00) America/Sao_Paulo,-10800.0,,,,40,0,0,1,0,"{'id': 'a17016276362', 'summary_polyline': 'rtdkC|uzfGSpC]zBBV\\`AB^F~EO|@AXb@zAjAlCL`AEZUZuA`@o@^ILCXHXHv@HNFp@E`@IL]`@}@HoA?SN@fA`@jBCXUz@?d@HnATXZNXb@CT_@n@AJFPTRPBdAJ~@G\\H^\\`@p@Zj@BXOfAYfAY^s@ZALF`@CNg@j@MTE\\Lz@Gb@WVcA`@{@p@O`@Ej@@^Zt@PLj@D`@Hn@CdAJRLXj@PJNAZ_@VKh@Ff@Rd@h@F^l@^Ch@Sd@QLa@DWLcAjAKXIz@q@`BDHN?f@SVLtAJ\\N?RM`@i@rAE^Fp@e@nA?j@z@hAlAR|@f@ZD\\\\HT?Vs@dASr@Gf@DZ^h@Hd@K|@Ll@Tf@TFlAUh@Uf@FTb@Dd@E\\D\\^bAl@nA^b@PHHA~@gAPcA`@y@Jc@HgAf@u@\\aB^UVDRGLm@|AmBP]NkAOcBAiBHu@^aAZaCLWHF@`AIXO|BBvAThBKbDE`@c@jAEXDXT\\Dh@Ot@S^Of@BJIPFHSCcAFg@\\KRI\\@E@l@GPY\\CNBv@NfAm@x@GTAn@DnAMXYPWr@iAbAYH_CWO@i@g@]MDTj@j@CJk@gAEUFAG?d@NUKODBJtAZAGAHn@^bBRn@IRKZc@PcA\\u@A_E\\kBBgATw@Fy@r@y@jA]n@y@Na@@{@]mAh@cBLoCCq@UiB?u@N{Cd@qAI?AOGFk@|BYj@[f@AhBJdADlAEn@{@pAi@`@y@zAeAv@Sd@q@j@C~@Kb@OTYLS~@s@vAM?}@oAW{@UkAWc@a@Kw@Tu@@UGUSQ}@?}Ac@o@EWLm@x@cBHe@Ee@IIS@OIM]OKy@@y@M]]a@aAV{A?qA\\}AXy@@U]G}@Dq@QYBMEb@kBf@oAh@y@fAy@NUFWCe@WIk@cAk@]o@A{@RKG_@{@q@[m@Z{BLUM]u@Fg@Vq@p@y@|@u@PYJi@?mAf@s@L}@nAyA\\{A@g@Mk@Sa@a@c@_@OkAEcB[Ae@JyAIe@i@a@Wy@CcBD{@]oB?g@TQtBGz@o@JY?q@Y_B?o@PSn@_@lAc@T]CoAo@_Am@}A', 'resource_state': 2}",False,False,False,False,everyone,False,g23956883,"[-22.966659, -43.231822]","[-22.966714, -43.235761]",2.337,6.08,74.9,True,167.7,187.0,False,True,502.9,24.1,18110247240,18110247240,3309893739-1768155309-Run.tcx.gz.tcx,False,14,0,False,0.8361359570661897,-30.811650163408384
2,"{'id': 87134634, 'resource_state': 1}",Afternoon Run,6011.6,2227,2308,34.0,Run,Run,,Amazfit Bip 6,16993693508,2026-01-09T20:39:04Z,2026-01-09T17:39:04Z,(GMT-03:00) America/Sao_Paulo,-10800.0,,,,0,0,0,1,0,"{'id': 'a16993693508', 'summary_polyline': 'n|ujCluyfGNJz@b@|@Zn@B`AOVMn@Qf@Cr@KZKTEp@?hA]h@EREVQLGhASL?n@UdAOd@M`@Ql@OdBa@XELGRSb@q@z@{@nB}BVSz@gAZYXc@rCiB\\MFDTh@T\\Rl@Lt@LpAPp@DDN@ZZJVC?XDb@Lh@\\bBv@fA^FJBN@RDDZAVDn@Rh@VPNBFEZDJALuA`DOTAJDHr@ZnA^z@`@NDTBZGn@YbAYd@UXURAVH~AdAZNh@PlAPx@G\\INKh@s@R[j@qA?OGm@DSNIj@OLIBG@OI{FFcBd@mDFsAF[HMd@[DM?]KaAKWIIgADeACg@Mi@GcA_@q@_@gAcAcAw@[Qo@m@MEE@|B`BxAnAVXNVp@vAVx@Hb@Dh@BpAV~CHnCRvBHlAJzDGl@e@fAs@dAWPMDo@F[@aAOm@SiAm@m@g@a@S[WQUUi@S_@m@g@i@WmAa@_@O]IY@ICQSg@YM[SOo@Si@YeA_@WQ{@c@mAe@WEKBOCUBICEHAb@ENmBl@m@X}@La@JULoBh@{A\\kA`@y@Pc@Ni@LaBp@y@Nu@PUHSBe@NaB^}@Pq@HaA`@wBh@q@Bg@K_Aa@YIq@c@eD{A', 'resource_state': 2}",False,False,False,True,only_me,False,g23956883,"[-22.891118, -43.226625]","[-22.891399, -43.226753]",2.699,4.0,82.8,True,165.3,186.0,False,True,27.5,9.5,18087347412,18087347412,3309893739-1767991144-Run.tcx,False,0,0,False,0.9796733212341197,17.594966840240854
2,"{'id': 87134634, 'resource_state': 1}",Morning Run,9156.5,3373,3625,23.9,Run,Run,,Amazfit Bip 6,16966420547,2026-01-07T10:09:46Z,2026-01-07T07:09:46Z,(GMT-03:00) America/Sao_Paulo,-10800.0,,,,1,0,0,1,0,"{'id': 'a16966420547', 'summary_polyline': 'j{ujChuyfGl@ZzAh@ZPbA`@h@\\z@^TR^RTBbA?nCs@XCf@MpAc@dB_@jA_@n@M~Aa@\\Kd@Ud@Gb@C^I^QvAc@TKv@WnEcAXMTSNKtBs@DIDa@?QBGHC^?h@Lb@Zx@Xv@t@LHz@V\\TZHv@Zl@PRLBFANUbA_@~@El@KROP@RNRrAh@|@Xb@RNFTBVEd@YnAa@l@a@LEF?ZJz@r@r@b@bA\\~@J|@IZITQv@gARe@H_@HiA?YEa@S}CO}AKsBKmAAiAEo@SwBGiAIYk@kAAUFUEWm@Yo@c@BHFHh@d@TL`@NfATXBbBJ`B?PLFTNjBAL]pAEb@ErAQtAM~B@v@Ex@DpAEbBCLO?GIA_@CkIr@{HJQd@SHQAk@M_AIQUGwBAy@IQ?UGKAe@OgBiAEACBDLj@p@d@v@n@vALj@J`BBhBFv@?BA?BDF`@d@hHFjADlCC\\GXe@z@_@^Wb@MFc@Lo@D_@C}Ae@UOi@a@ECE@BJPLlAf@dAR\\@ZAl@KTMVW`AuATo@B]IqAKcAOqBEeABQCe@G_@Eq@QcBAk@KiBBIHINGRGxAKrAQT@HFBF@T[nCCj@O|@It@@bDCvABhACTCJCBcAAMDIFINCLAl@C\\Wr@Yd@u@|@SJe@Jk@Di@Eq@M_A[m@]_As@g@i@a@u@KACSGOa@Yk@UiAYo@[y@Sc@Wg@Si@Ug@K[UWa@wBkAg@KcAa@IAACg@CIBEHCr@EHcARgAZKFu@N_@N_Bd@eAZaAP_@PgBd@o@L}Bl@WDwFbBaB`@e@Ha@PaAVcB\\q@BMCa@MmCuAWQ}Ak@mB_A?m@B{@A}@Bu@Ga@IkAGEM@yAX[B{@\\iCf@y@T{Bh@SJALLd@DN^l@Rj@XfAD\\Tv@', 'resource_state': 2}",False,False,False,False,everyone,False,g23956883,"[-22.890935, -43.22661]","[-22.888808, -43.227336]",2.715,4.9,83.2,True,154.7,185.0,False,True,17.4,8.0,18059885644,18059885644,3309893739-1767780586-Run.tcx.gz.tcx,False,0,0,False,1.0530058177117,12.665780292677745
2,"{'id': 87134634, 'resource_state': 1}",Morning Run,5004.1,1595,1595,9.6,Run,Run,,Amazfit Bip 6,16943243878,2026-01-05T10:01:04Z,2026-01-05T07:01:04Z,(GMT-03:00) America/Sao_Paulo,-10800.0,,,,1,0,0,1,0,"{'id': 'a16943243878', 'summary_polyline': 'njxjCxsyfGhAXl@Z`@h@d@bAT\\zAdAh@XfAZ`@Fd@Bd@GTIVQJKl@_AN[L_@Di@C_BM{@I_ACwAQmBAw@[mF?WFKJExAKlAQH?HDBTGl@GjCOdAGdBOhBBxAG`BGNMFUDKLCP?n@Il@MZc@v@s@z@UHo@Ja@Dq@Ig@M]Qi@SeBiAq@w@i@eAa@[kAe@wA_@e@QMGQWIG]AaA]MIEUKKuBu@k@WiAk@[SYKc@c@e@WGBALFn@Ih@GFm@^iCz@eAVIDMJu@N]JoCh@eA\\{@RmAb@i@NIDEH?JDVEDKGSWQ?c@JqC|@q@FqA^s@J[Pq@XqAXgAJS?UEwAu@s@Y[[k@Ok@_@iAc@m@a@CKCY', 'resource_state': 2}",False,False,False,False,everyone,False,g23956883,"[-22.9036, -43.22637]","[-22.890963, -43.226453]",3.137,4.46,87.3,True,172.1,188.0,False,True,17.4,9.4,18036495350,18036495350,3309893739-1767607264-Run.tcx,False,0,0,False,1.0936664729808252,6.237521151388428
2,"{'id': 87134634, 'resource_state': 1}",Corrida na hora do almoço,4000.5,1580,1677,8.6,Run,Run,,Amazfit Bip 6,16914239555,2026-01-02T15:58:07Z,2026-01-02T12:58:07Z,(GMT-03:00) America/Sao_Paulo,-10800.0,,,,7,0,0,1,0,"{'id': 'a16914239555', 'summary_polyline': 'xwyjCtbnfGQ?UDc@j@UNEPCf@ELKPSJc@Bs@?q@BoALwBCi@BeB@s@D}A@kAF[Cc@OQC[Lm@Jk@LOF[Xa@x@]~@g@jB_@\\MPoAdAYf@u@|@MXGVAlADf@Xp@?FCFiC|Bu@`Aq@v@w@p@UJS`@SLWV}Az@a@Z}@|@KNMl@]XSV]LWAG@s@j@]FoAv@s@Zk@`@a@l@OHm@LyA@mCPo@VwAd@KAUKm@F]Ra@l@EJU|A@bACn@Ih@A^DrALhALp@RdCDNB~@CfB_ApE]x@U`@W|@ObAq@zB[`BUv@O~@GLQFGHAb@Ij@s@lDs@dCQtAM\\Wh@m@tBu@`DKjAe@xAi@pBCX@zDCn@?v@IfBEnBDh@Rf@?\\', 'resource_state': 2}",False,False,False,False,everyone,False,g23956883,"[-22.910849, -43.167308]","[-22.892718, -43.194111]",2.532,3.12,82.7,True,169.0,181.0,False,True,9.7,0.7,18007143839,18007143839,3309893739-1767369487-Run.tcx,False,0,8,False,0.8989349112426036,3.6740825922253544
2,"{'id': 87134634, 'resource_state': 1}",Lunch Run,5509.1,2017,2138,9.2,Run,Run,,Amazfit Bip 6,16913590159,2026-01-02T14:53:44Z,2026-01-02T11:53:44Z,(GMT-03:00) America/Sao_Paulo,-10800.0,,,,4,0,0,1,0,"{'id': 'a16913590159', 'summary_polyline': '|bwjCzuufGUe@k@_Bg@eBUaAYw@S{@Sg@g@gBc@qAsAuEuAaEcAgDGc@BYBI^q@@IAGEEEBe@x@IDCCWm@Ka@]u@_@yAIm@S]Me@MYw@cDUq@Ka@_@{@Qq@W]Oa@IgADgA@oBEUUg@CODq@DaDE{@FyAA{@EgAF_B?a@NsATaATuA\\_AV{A^gAd@wBX}A^gBv@iCf@oChBeGD]XgAjAyFb@wAh@uBHQBMBaCIo@Wo@UgBAe@Bs@IgAAgAHm@D}@@sAFm@x@qAFGJGp@I\\@bDs@rCQbAAr@KTOP_@PSROnBeAfBsAd@UhA_@RMNQTu@PWVSn@c@bAu@zA_Ad@q@Pm@DKtA}@d@a@b@W^g@n@k@@QI]Ey@@m@Ei@BYFQj@}@TUlBaBXOVsAd@{ARe@d@k@NMh@Sl@QXCP@hAPdCAtAMb@?fAGjBC|CQn@AdAKLEJOHi@DMj@m@XSbAYf@?zAM', 'resource_state': 2}",False,False,False,True,only_me,False,g23956883,"[-22.897262, -43.206212]","[-22.911663, -43.167139]",2.731,3.46,84.1,True,161.9,179.0,False,True,9.8,0.4,18006491440,18006491440,3309893739-1767365624-Run.tcx,False,4,0,False,1.012106238418777,11.46224079394849
2,"{'id': 87134634, 'resource_state': 1}",Morning Run,5502.1,2054,2057,16.3,Run,Run,,Amazfit Bip 6,16871691946,2025-12-29T09:14:07Z,2025-12-29T06:14:07Z,(GMT-03:00) America/Sao_Paulo,-10800.0,,,,1,0,0,1,0,"{'id': 'a16871691946', 'summary_polyline': '|qwjCvmyfG\\M\\Sn@OFKJc@LOTGZ@zDnBjAd@bDvAZJp@ZZFl@Vp@N`@Pb@`@`@f@l@l@~@j@z@p@h@Zl@RbARZ?ZEVK^[f@u@Ta@Ro@EcAFONMp@GFEBI@_BI{AB{ACgANw@Fo@Jk@@g@P}ANYn@[HKBI?QQwAOYYYoAo@oAy@q@o@qDoBk@Cq@@o@LmA^EJG`@GtBc@|BKlAAb@It@Af@Lj@?\\ARINa@VQd@ERE`AE\\?p@KVC^[hAGf@MVSJi@Fc@MMAIDKLI@EI?QCMGIwCmAIIMWOKoBw@cBw@IC_@?GAKIMWCCAHB~@CZKHm@Ng@`@c@J[?YDs@P{Ab@i@JqCn@qA^kC|@}Bb@eB`@e@RyA^q@Li@De@TqCv@s@De@CmAc@UOcAa@[Uk@KmAk@YOi@c@OGKDGHSdAU\\UL{Al@s@Zo@Ti@Z[HICQ]IC?F', 'resource_state': 2}",False,False,False,False,everyone,False,g23956883,"[-22.899663, -43.225395]","[-22.889003, -43.22768]",2.679,3.88,83.1,True,158.1,177.0,False,True,17.4,7.2,17963935487,17963935487,3309893739-1766999647-Run.tcx,False,0,0,False,1.0166982922201138,12.207072614750192
2,"{'id': 87134634, 'resource_state': 1}",Evening Run,6504.3,2444,2447,19.5,Run,Run,,Amazfit Bip 6,16868954526,2025-12-28T21:32:05Z,2025-12-28T18:32:05Z,(GMT-03:00) America/Sao_Paulo,-10800.0,,,,1,0,0,1,0,"{'id': 'a16868954526', 'summary_polyline': 'j{ujChuyfGz@b@l@TbAb@vAv@hAd@r@\\LB\\@b@Cv@Q\\E^QtAUVKv@Oz@WjBc@n@EfAa@L?b@QdD{@z@_@`Bi@lBg@z@Ol@Ot@e@~Ac@f@Sd@KFKFg@Ge@HKNCLBHDf@j@x@Tf@Rd@Zv@p@bDhAl@ZZXV@XL`ARlBp@RPd@n@^^Xl@TV`@TXV|@h@b@NbARl@@p@INEPUPMj@{@Xk@Ni@CaA@MBCJGj@GJIDK@U?q@KcBFyDVgCP}@LiADa@BGDCd@G?_A?f@WxAWxBOrBEdC@nHEb@[~AKd@CBF}AAa@Ho@IiFBiDPyA`@uEFMDEd@SFI@Gw@^q@lHChAB|AAhEIpBKh@F?DIBQAMDM@YAWEGEAa@CM@MJGPMdBKVWb@u@`AOLYFu@Hq@Ac@Gu@W[Qs@i@y@c@OMi@o@Qe@OYQSOMaA_@_@IcA_@a@IMDMAEEESOMqDwAKGKQQQy@e@kB{@YIW@WDGDILMj@ULMN]Re@JuA^_@PiAZy@R{Cl@kA`@gD~@MFSPe@Ao@X[Dg@?o@LwDbAqAV_Cp@y@?m@Q{Au@UScAc@_@Yg@Uk@]k@QQOGUCBIPUrA', 'resource_state': 2}",False,False,False,False,everyone,False,g23956883,"[-22.890936, -43.226602]","[-22.890765, -43.226897]",2.661,4.6,78.0,True,163.4,189.0,False,True,17.4,9.4,17961120387,17961120387,3309893739-1766957525-Run.tcx,False,1,0,False,0.9771113831089351,4.3190960066028685
2,"{'id': 87134634, 'resource_state': 1}",Morning Run,6004.3,2167,2219,9.3,Run,Run,,Amazfit Bip 6,16852339408,2025-12-27T09:46:45Z,2025-12-27T06:46:45Z,(GMT-03:00) America/Sao_Paulo,-10800.0,,,,1,0,0,1,0,"{'id': 'a16852339408', 'summary_polyline': 'ddyjCrdyfGObBMlC@rB?~DMtAShAGHEACIEYFkBAUCGGEi@EKGGWQuA_@_HI{BMgAACC@@JD@DLBf@Hp@@b@PlBFxBJnALxCDp@CXMh@a@t@w@dASJu@Lc@?m@IsAc@sA}@g@USY{@{A[W_@U}@_@[I{Ak@KAMHEAW]yCqAU]QKe@Qw@c@cC}@g@BGCGBINEd@GJ]T_@LmAVg@FkBb@u@TeAVa@NmAZeA\\eARgBd@}Bx@sA\\s@JeBf@c@Dk@Xk@N{B`@w@@a@KcBo@oAo@m@ScBgA', 'resource_state': 2}",False,False,False,False,everyone,False,g23956883,"[-22.90771, -43.223937]","[-22.89125, -43.226679]",2.771,4.24,80.3,True,160.3,188.0,False,True,17.4,9.5,17944207275,17944207275,3309893739-1766828805-Run.tcx,False,1,0,False,1.0371802869619462,19.313589898987978
2,"{'id': 87134634, 'resource_state': 1}",Marun 🤝🏻 Lamarca,5101.0,1620,1744,0.0,Run,Run,,Amazfit Bip 6,16818242546,2025-12-23T09:46:27Z,2025-12-23T06:46:27Z,(GMT-03:00) America/Sao_Paulo,-10800.0,,,,8,0,0,19,0,"{'id': 'a16818242546', 'summary_polyline': 'pigkC`~vfGEZAd@Hh@I\\CX?d@JT@LEvBEHIJo@RKHQZ_AhDmAtDYdAG^?z@C\\MXSTOLu@^sEhB}@PgAHsAAaAOwCaA}Ae@CKFk@?Q@^DHb@Nj@Jf@`@VJzCbATBv@?pAKvA_@d@UvAi@`Bw@`@WJQP{BJi@`@wAPa@^qA`@gAl@uBT_@r@[FGDQBa@?iAAKM[Ci@@KLa@Ga@?YBo@D_@Be@AsADw@@qATiIPsJCgAGaAKaAoBqKKy@q@_EUgAIs@Ss@aAiFWi@g@{@MWKMo@U[QUO[]YOcAQM?OD', 'resource_state': 2}",False,False,False,False,everyone,False,g23956883,"[-22.98025, -43.212648]","[-22.977165, -43.200105]",3.149,4.26,86.4,True,169.5,192.0,False,True,10.1,7.0,17909521504,17909521504,3309893739-1766483187-Run.tcx,False,1,0,False,1.1146902654867257,2.6569057823354716
2,"{'id': 87134634, 'resource_state': 1}",Fashion run,7523.3,2839,2839,7.4,Run,Run,,Amazfit Bip 6,16802616274,2025-12-21T11:16:19Z,2025-12-21T08:16:19Z,(GMT-03:00) America/Sao_Paulo,-10800.0,,,,15,3,0,14,0,"{'id': 'a16802616274', 'summary_polyline': '|ffkCz}wfGSv@MFM?oEw@a@KeAS_@Mc@GYSMQEKAq@Bg@@y@EMEGOKi@KOAm@DUCGC_@a@g@Qg@Dq@L_A\\cCr@sCrA}@XoDt@M?QEs@_@k@Sc@_@q@_@y@m@a@Uk@c@w@c@_@Wy@a@m@a@[_@g@s@WY]m@u@eAS]c@uAy@wBk@oBc@kBQ_@GS[q@QmAMk@Co@HsAPoAXkANsAB_AEiBQ}AM{CIs@WoECcA?OF[FSz@uA`B}BVQTIb@GfCQbDOlC[r@Cl@Dr@R`A^fAp@PTd@`@hAnAf@`@v@z@`CvBl@r@r@n@f@n@r@b@tC~CnAdA|@`A`@Th@JR@`@IvBm@v@YfASn@Y|@STQRe@Dk@AYSm@Ek@Kk@Oi@]cAcAkEE]Eq@IWCS@OPi@Hm@NqCRw@Tm@\\k@d@k@R]`@g@b@qANWTS`@ULCT@HCD_@@iADI\\KR@JFZh@H@VIfAg@XIVGv@C^KV@r@HRFTRZ^p@^`@NXh@d@l@Vr@Pl@v@vEL^l@tCl@pDbAxFPjAZdBRxADnAE|BBz@MrCKjHOhF@|BEXCn@?\\Jh@CJITCP?h@LV@PCfBGVGFo@TKJEHy@hC]nAWr@_AjDIh@CfAGXINk@`@_Br@}@Ze@V_A\\w@P{AFu@C[IkAe@kA_@o@_@q@U', 'resource_state': 2}",False,False,False,False,everyone,False,g23956883,"[-22.974704, -43.217735]","[-22.974857, -43.218028]",2.65,4.16,82.5,True,160.0,192.0,False,True,10.9,6.5,17893721868,17893721868,3309893739-1766315779-Run.tcx.gz.tcx,False,3,0,False,0.99375,4.3358263140033175
2,"{'id': 87134634, 'resource_state': 1}",Marun x Yorgus,4934.6,1699,3012,132.6,Run,Run,,Amazfit Bip 6,16793064808,2025-12-20T10:52:44Z,2025-12-20T07:52:44Z,(GMT-03:00) America/Sao_Paulo,-10800.0,,,,7,0,0,3,0,"{'id': 'a16793064808', 'summary_polyline': 'xtdkC~g{fGAn@MdAAb@FV\\bAl@~@Vn@Hv@Ep@GRMJmBn@MFKLCJ@h@V`CCZKVWNy@NQ@k@EQBKDKJCTBRPf@TbB?lAKX@l@Gd@HNh@h@HRA^Mr@?P@JHJF@lABlAEVJRTLZ`@r@L^DV@XEh@[|AIVGHUFOJCN?^ELc@b@Uf@ER@h@C`@K^q@b@w@p@Uf@G`@]b@JId@aAf@u@bAy@JOD_@Gg@Dc@PYZ[FKBWAe@@IPS\\S\\m@L_@Fe@Bk@o@yBKOOKQE}@KcA[k@WII?INo@?WEMg@e@KOK[Cs@L}@@q@Eg@]aAKe@BSPORGNKl@Iv@Wd@e@HOBU[gC@Ud@e@h@WfAq@JODUCW?a@CWOOSo@]w@e@q@KYAQJgBCcAD}@Ik@?iAG]GWASLe@BYJg@Fq@Ng@Aw@Ia@Fy@@u@Fq@?]I[yAsDKi@aAwBwAoDMk@Iy@`@}G', 'resource_state': 2}",False,False,False,False,everyone,False,g23956883,"[-22.966688, -43.23472]","[-22.965477, -43.226224]",2.904,4.54,83.8,True,178.2,192.0,False,True,180.4,15.6,17884015064,17884015064,3309893739-1766227964-Run.tcx,False,6,1,False,0.9777777777777779,-14.99960284909313
2,"{'id': 87134634, 'resource_state': 1}",Evening Run,4963.6,1781,1809,27.8,Run,Run,,Amazfit Bip 6,16788311616,2025-12-19T21:59:28Z,2025-12-19T18:59:28Z,(GMT-03:00) America/Sao_Paulo,-10800.0,,,,0,0,0,1,0,"{'id': 'a16788311616', 'summary_polyline': 'l{ujChuyfGl@\\rDtAZRpB~@FH@T?|@DLD@FIC_AFGdAIz@Sn@Qd@I~@]~Be@hBk@fAYd@UX@f@Sn@Kb@QrCs@pAe@nBm@~@On@Sz@Ut@Kf@MLERQLCLMFMJ}@PAr@FNDZLbAl@f@Tj@P`@`@t@`@f@LhAd@^PTFZNRDx@RjAh@|@ZPLd@f@T~@XZ~BzAVLv@Rd@Dh@?n@GPIVYv@kAXu@Dc@Ea@GyA]}EE}AMqAKuCIo@ECQAa@F_@@KDGJB\\\\pB?ZKXk@~@IHSFk@FMDOJ[\\W^s@zAu@lCKJUJ]Bo@Eo@S{Am@}@UG?IFi@jAEHI@EC?K`@wAGSoCiAu@Wq@]YUW[wAs@QEQA[DULOl@_@X{DbAq@Li@\\q@VGBi@@aA\\CBo@HSD}@^UH[Be@R]C_@?a@Dy@X_@NqA\\yAh@u@L]Hg@Hw@TiCl@]Dc@?MAo@S_CcAWQiAe@s@a@_A_@WQE@CFYnAe@n@w@RWBIJ[PsAd@SJ', 'resource_state': 2}",False,False,False,False,everyone,False,g23956883,"[-22.890946, -43.226604]","[-22.889434, -43.227708]",2.787,3.88,82.4,True,173.0,187.0,False,True,23.7,9.4,17879142550,17879142550,3309893739-1766181568-Run.tcx,False,0,0,False,0.9665895953757225,6.702323499249446
2,"{'id': 87134634, 'resource_state': 1}",Morning Run,7015.9,2411,2500,27.5,Run,Run,,Amazfit Bip 6,16691954230,2025-12-09T09:10:07Z,2025-12-09T06:10:07Z,(GMT-03:00) America/Sao_Paulo,-10800.0,,,,0,0,0,1,0,"{'id': 'a16691954230', 'summary_polyline': '`|ujCvuyfGvAp@l@\\t@ZPFxCzAPDpAC|Ac@lAUf@OtD{@nAa@fBa@r@UpAYtAc@`Bc@`A[vBo@pBe@~Ac@xAq@BKBSCi@DCLAd@Ft@V\\RZJJPHFv@^dCdA~Al@NJJRF?NKV?fAr@^Rh@LVLb@XZVPVZr@\\d@|@r@nAr@t@Th@H^@l@C\\ITOf@m@Zk@Ra@Pg@@]Ac@DSPKd@@FF@RGfCF\\DBDGDy@TaBAcECw@DeDNoALqALu@LwAHk@?_@IqAIUKI}A?}AKs@Kq@SI@GHDPd@`AL\\DXNxANhBDtBRpBDlAJz@LpDBDFBx@FFJ?h@I|B@LHDDC@GBe@T{A@mCCqFBw@ZsCj@cE?UI_AGg@KM_AKaACmBSkBm@sCqBeA_AQGKDEFANV`BTfCPdANdBVrB^lESl@_BpDo@tBMRMHi@Dm@C{@YcAQu@UOI]Ig@YaBk@}@c@EEGQKIyBeAqAe@q@MQDGFEJKf@IJGBmBd@{C~@i@HoA`@qCr@yD|@s@J}Bt@yEjA_@Fw@X{Ct@m@Da@CsBo@oCyAkAe@o@]OCI@EFWbAKPQPUJeBh@mClAIH', 'resource_state': 2}",False,False,False,False,everyone,False,g23956883,"[-22.891045, -43.226676]","[-22.889208, -43.227872]",2.91,4.42,86.3,True,159.0,185.0,False,True,23.8,9.8,17781651255,17781651255,3309893739-1765271407-Run.tcx,False,0,0,False,1.09811320754717,6.241682850887972
2,"{'id': 87134634, 'resource_state': 1}",Morning Run,10544.8,3749,3758,40.6,Run,Run,,Amazfit Bip 6,16674109184,2025-12-07T10:04:20Z,2025-12-07T07:04:20Z,(GMT-03:00) America/Sao_Paulo,-10800.0,,,,1,0,0,1,0,"{'id': 'a16674109184', 'summary_polyline': 'j{ujCjuyfGxAp@|@^^J|At@t@Xj@ZJHDb@BMJGnAMn@Q\\K|@UH@DRD@FG@SLIn@MhCo@^EzCw@d@S`Ci@lDmAfB_@lBs@hEiAr@]BQ@k@HE\\?VDNJj@P|Ax@\\JPTLHxBx@f@Xd@RTR@LEV?ZaAbCU\\ALDJXVj@Vv@RbA`@\\DVE^WVIdAYl@c@PGJATJv@l@n@`@`A^r@NXBf@E\\GZQLOt@aARa@Pk@@OAk@BWBGNIf@EHBFHBvAKbA?J@?B}AAa@F}@D{CCmAFiBC_Al@kGHQ`@SJM?_@KgAEOGKWGk@EiCI{AWG@EDAHBHx@pBH`@TxC?v@LjA@~@PjCRlERdBEd@St@OViAvAWLu@Ny@Ay@OoAe@u@m@c@a@QYGEGB@FDFt@l@p@b@d@Tn@Rr@Nb@D`@Cr@Of@]t@}@Rc@Lc@BY@w@DQJEh@AFBBLAZOnB@RFAJQBONiBFcDEw@AoBBuAVmBRoCV}AAe@IkAAIIGu@Ey@@q@Gq@OmAQI?EDANBLp@lBJp@@n@NrBHr@HxBVrBBtAR`D@xAIr@Wt@U\\y@~@SJ_ANSA_@Gg@Og@QUMk@[[Ye@SMMGGOa@Ga@@e@h@kClAoDx@wAFq@E}@UuAkAeKUaBGw@@KDIJEPBTJn@\\|BbBX^j@|@r@dBXlEHhBL~@p@bNAVGTo@|A{@`Ac@Pi@F]?qAWa@O{@m@cAm@MCSB]RcA\\cAf@]F[?WI{BcAa@Ma@WCKh@qA@a@DUh@wA@OEMc@Wo@WU_@QMiBo@eCgAc@MGEOCS@QH]r@IDSJcB`@oB`@UF]Pu@PmBj@_InBsCz@{A`@sCx@qEdAw@DQAOEwAm@a@Kw@i@i@O_@OkAk@g@_@QGAIAQ@eAAu@@u@?yBCGKE_@B}A`@gA\\eB\\_Dr@k@JSDMHCD@LXl@ZhApBnFNr@', 'resource_state': 2}",False,False,False,False,everyone,False,g23956883,"[-22.890932, -43.226616]","[-22.889095, -43.227903]",2.813,3.62,86.1,True,159.1,182.0,False,True,23.8,7.8,17763512535,17763512535,3309893739-1765101860-Run.tcx.gz.tcx,False,0,0,False,1.0608422375864237,2.192032773079531
2,"{'id': 87134634, 'resource_state': 1}",Morning Run,8813.9,2933,3562,24.2,Run,Run,,Amazfit Bip 6,16657074649,2025-12-05T12:43:07Z,2025-12-05T09:43:07Z,(GMT-03:00) America/Sao_Paulo,-10800.0,,,,0,0,0,1,0,"{'id': 'a16657074649', 'summary_polyline': 't|ujC~uyfGVVzAh@zBpAhBp@n@Dn@CrCu@pAWhBi@x@Q|@[zA]|Ae@`Ba@lBk@^GVMhBo@v@Kr@Qt@[nBe@d@Wf@OHGHW?_@HML?h@DRFrDpBzAn@\\JrB`A^@XXDPBf@EZEJWVa@JWLg@l@INATBPj@f@X@f@HlAb@\\B|Bq@\\SVWNELAJBlA~@d@TTRLDn@Nl@HP?l@GREd@S`AmARk@Ji@Bg@Ek@@MFEr@ELDDH@XAz@ItAA@?qC@UFCBF?NEj@EpACREs@@CD@BD?REXEq@FOD@CHHq@HwAEaE@c@A}BBq@TcCXiCHOh@YDOA]MeAEQKIWEaA@_@Am@Km@GiAQO@EJ@HVr@Vv@TtAHvAB`BNpBNpCFt@XdF?v@Qr@Sf@SXUVW\\QNMDw@F_@?i@Gm@Qq@Y_B_A_@_@G?@FJJhAl@v@f@f@TPBjANr@?VCZIXSt@cAVq@Ja@@Q?y@BQDG^ERBFJBJObCA@DQFq@@{@Do@?oJXyBPsCBYJOh@WFO?a@KiAEKEIOEoBE_BIaAYQ@IJAHDPp@dBN~@D`ALjBDbAHbA?t@F^JbCTxCBJFDVBV?JBDHBLGxBEd@KAJe@FqBCIEEMES?IBCFCbAOv@ITINiArASNUF{@Ji@Ck@KcA[c@Wy@m@]MM@SLaA`@y@Vc@RSB[Cc@WcBg@{@[WOCKNYbAqCAULi@?KEKIG{Ao@M[KIuAg@eAk@w@]w@Y_@GWBOHGNI`@QTIFo@HMH_@Ja@PqAV_EpAkARuDrAoA\\g@DeB`@]DyCz@eDx@i@@eB\\_@@YCsCqAeA[aAm@mAq@a@QKAGDCHS`AOTONQJs@V]PoBv@w@b@', 'resource_state': 2}",False,False,False,False,everyone,False,g23956883,"[-22.891147, -43.22672]","[-22.889246, -43.227858]",3.005,4.8,89.4,True,162.4,188.0,False,True,17.5,9.8,17746181737,17746181737,3309893739-1764938587-Run.tcx.gz.tcx,False,0,0,False,1.1102216748768472,7.289546881517725
2,"{'id': 87134634, 'resource_state': 1}",Morning Run,5000.8,1708,1708,32.0,Run,Run,,Amazfit Bip 6,16637307344,2025-12-03T10:47:47Z,2025-12-03T07:47:47Z,(GMT-03:00) America/Sao_Paulo,-10800.0,,,,0,0,0,1,0,"{'id': 'a16637307344', 'summary_polyline': 'jovjCdbyfGCl@If@Hd@Zv@PvAB?@nFJODUFMFDoUfWNAdEaMj@Kl@Uh@Kv@Ct@OZ?hALd@@dA@f@C|@Wj@Y\\Cn@If@WbBg@n@CZM^Gj@Q\\?TCr@YTOb@Gf@U`AYfAUVIJK~@Kj@QV?f@Ql@Ip@WLCBB?HId@YhAY`B_@tAMZQxAMd@ODmBJ}A?c@DSJ}@FwC|@i@RcBf@w@b@}Ab@KAc@OSCeBCmADGCESCm@BcBE_@EIOGY?MBc@P}@PS@eAGk@QcAc@QKUS]QCE@ICCGASBYIe@SqBkACIAWAoBAOA?MDg@Fw@NM@w@ReAJiAX]NuA\\]DEBAHBLXr@Nl@Xt@XlA', 'resource_state': 2}",False,False,False,False,everyone,False,g23956883,"[-22.894132, -43.22355]","[-22.889035, -43.227731]",2.928,10.58,94.1,True,165.0,186.0,False,True,31.1,7.9,17726139819,17726139819,3309893739-1764758867-Run.tcx,False,0,0,False,1.0647272727272727,9.739667538260546
2,"{'id': 87134634, 'resource_state': 1}",Morning Run,8000.0,2853,3008,32.2,Run,Run,,Amazfit Bip 6,16628974689,2025-12-02T13:33:27Z,2025-12-02T10:33:27Z,(GMT-03:00) America/Sao_Paulo,-10800.0,,,,1,0,0,1,0,"{'id': 'a16628974689', 'summary_polyline': 'n~ujCvvyfGvBnA~Al@jAn@ZD|@?vC{@f@MXCfDy@zEwAr@M|@YvBc@dA[^I\\Qf@MlAYl@Qb@UZCz@[r@]t@QHKRs@PKZAn@Np@Zx@f@r@VVZr@^n@RdBv@DNBh@AN{@vBS`@MPAFBFLJ~@f@zBx@L@T?TCn@YhA[z@k@NCPFxAdAv@^n@PRB`@Bl@Aj@MJEjA{AN[J]Fq@?k@DMFElAOJGBGDqACe@?yCFaBNoATqCJw@H[BO?e@OyAEIMIwA?MBIFGLKXBREB[Bs@OU?ID?NF^D^@XEl@O`Ai@~@^RBBCDI?DABYFWGF?KB??EJINGD?NtAHdCZnEJ`A@x@BBLBp@BHBBHI`CEh@@NDDHEFQZiCFuCGy@?uADoA?m@R}ABe@L}@@k@J_AN}@QoBEKGC{AEeAMqBYSBEL@R`@bANf@Hf@Fb@BFF@R@fBQl@AJDFLK~B]hDCl@@bACvBDz@Ap@APEFEDYB]?IGEQWqDCaAK_AQkDQgCKw@Cs@G]y@qBWa@SUcA_A_Ak@iA}@QEG@CF?^v@bH^tDL|B?l@JlAOXEZsAfCs@nCKTOLKBW@m@E[IqAm@y@WWI]A_@Ug@Sg@WEGGSKOqD{AcB{@WKMC_@FQHMPG`@CFiATm@Tg@VmARi@TwDv@iCv@oBf@m@PuBd@y@ZkDbAiATi@P{Cx@u@BUEQGcCmA[IMKWIUOq@WmAq@[IGKAWECE@EFAZI\\AZETY\\_@R', 'resource_state': 2}",False,False,False,True,only_me,False,g23956883,"[-22.891434, -43.226834]","[-22.890455, -43.227207]",2.804,4.54,89.4,True,165.2,187.0,False,True,23.8,9.4,17717694401,17717694401,3309893739-1764682407-Run.tcx.gz.tcx,False,1,0,False,1.018401937046005,1.7814991931787403
2,"{'id': 87134634, 'resource_state': 1}",Morning Run,9515.0,3369,3369,42.5,Run,Run,,Amazfit Bip 6,16599245847,2025-11-29T10:30:16Z,2025-11-29T07:30:16Z,(GMT-03:00) America/Sao_Paulo,-10800.0,,,,10,1,0,1,0,"{'id': 'a16599245847', 'summary_polyline': 'v{ujCfuyfGJN^RtBx@d@TZHhBt@v@d@ZDv@C~@S\\KnASz@Y~A_@h@StAc@rBg@nCy@|@OdAYhEsAl@Kx@]jA[l@YxA_@FG@IEaABIDAtAb@x@h@nA^f@`@tEfBf@^r@T\\Db@Lp@V`@Xf@XZV\\`@l@jA|@h@f@`@\\Rp@Td@Jv@FVAh@KZOv@cAh@iAB]Cy@BId@Mz@MHIBk@Ak@?YIc@FoAAsCD_@Lg@HcAd@iCDKLIb@SjAOf@@PFJNXjAFl@GxAGl@CvBGh@Cx@@tADnAFZNV?NCNITS\\UV?F@BZRd@n@b@^VZJBFCDKB]CUIWKOSOSCQBKLARJNRJnEKNCdAg@dAwARKZGNOFQCOIGS@INCT?l@EHIJKBAc@Bc@F]PWVMN?ZDj@VTRb@d@d@Zv@Xt@h@hA`Az@d@h@b@hAtA`Aj@|@bALPHRDZ?TGj@o@jAg@hAm@n@Y^O`@u@`AKVMv@Uv@mChFe@fAQR[VMDk@Lm@Ca@OMIWWQWGSYwAGMQSo@c@MUCUA}AM_BC}@@wCL_ABu@V}C@o@Jk@@q@C{@DaAJaABIZ[LSBMAa@@QDOLIH?H@HJ?LELg@VWRURk@t@_@Rk@TeCNqA@MEMQ?UHMLCRBNLNTFX@`@GTIHG?GG{@y@K]Kq@Ja@NYBKEM]a@IYE_@?q@Cg@RwFC_AFo@E{AQ{@GMYSICc@B}@Ni@PEFGLGf@?l@[xBKjA@p@EhC@^CR@|@E~@EDQFw@DGBEJAd@ERc@rAYj@i@p@ONODy@RS@a@CiAYs@_@oAu@OOMC[@e@^k@N{@^[PQDmA[eDqAMILq@f@yAl@}ABQCMYSg@Oi@UOY]SiBs@_Ai@o@QYMQCe@BUFKLGZKFmAZ[Lm@R_B^u@VmBh@YN_AJi@Lm@POJa@Na@Fu@NgCv@a@Nu@PWH}Ab@w@Pu@F]PeCt@k@Fe@@MCwAk@aAg@[MkAq@c@Mu@]y@KG@IFOVIVUXw@`@', 'resource_state': 2}",False,False,False,False,everyone,False,g23956883,"[-22.890997, -43.226598]","[-22.890346, -43.227247]",2.824,4.08,85.0,True,175.8,192.0,False,True,22.5,9.6,17687429830,17687429830,3309893739-1764412216-Run.tcx.gz.tcx,False,4,0,False,0.9638225255972696,10.42783930583448
2,"{'id': 87134634, 'resource_state': 1}",Evening Run,192.1,79,79,0.0,Run,Run,,Amazfit Bip 6,16597922709,2025-11-28T20:55:31Z,2025-11-28T20:55:31Z,(GMT+00:00) GMT,0.0,,,,0,0,0,1,0,"{'id': 'a16597922709', 'summary_polyline': '', 'resource_state': 2}",True,False,False,True,only_me,False,g23956883,[],[],2.432,2.98,87.5,True,117.6,143.0,False,True,0.0,0.0,17686085561,17686085561,3309893739-1764363331-Run.tcx,False,0,0,False,1.2408163265306122,4.1445217112100465
2,"{'id': 87134634, 'resource_state': 1}",Afternoon Run,6344.8,2146,2422,40.5,Run,Run,,Amazfit Bip 6,16597922920,2025-11-28T20:58:19Z,2025-11-28T17:58:19Z,(GMT-03:00) America/Sao_Paulo,-10800.0,,,,2,2,0,1,0,"{'id': 'a16597922920', 'summary_polyline': 'bmvjC|zyfGXMl@Mp@_@j@QfAI`@O`@IPKRAfAWp@EPGZI\\SlAYtAk@tAYhBq@xAYHIO[?GHBZVR?tAg@xCq@HCBGRu@@CFA`@B`AZj@JRJVTbA^PZh@^f@NbBr@LHFRETu@jBEb@c@t@AHDJDFh@\\NPBNTCdARn@Rd@?`Cy@p@g@NC`@JhAt@bBj@jANd@A`@GVO|@gAh@kAFc@Ao@SsB?iAC}@QgBKw@KwBQm@EGS@ICG@GDO^OhAEJKRIAB?BF_@h@SLM@SGSMGMEWKq@SuBWwAo@wGi@wC?MDMDCLELDv@d@pBzAn@p@`A~AARs@z@KPIZA\\Fr@Bp@Ht@Nl@@ZG`@MRC?@NYr@APh@dCXpAJR`@v@PNVHj@BHDFRFr@AVCN_@z@w@bAYX_@Li@Fk@AYEm@Og@S_CuAM@_@Zg@Tg@Z_A\\QD]CWEoAe@[Qy@[a@SCG?Gz@uB?c@DU\\}@@MCGMIoAc@u@SSMm@YCECOOOu@YmBaAOA]@a@JGb@EJaA^kBb@gBl@oATiAb@i@H_Bb@s@Pq@Ty@PWHg@HyBr@g@LW?g@VaAVk@Po@Fo@\\uBl@k@Lg@BYCYGiDgBm@U[SuBaAOCG@KNMz@KRo@To@ZaAVSNeA`@', 'resource_state': 2}",False,False,False,False,everyone,False,g23956883,"[-22.893775, -43.227505]","[-22.889479, -43.227704]",2.957,4.64,83.6,True,173.2,192.0,False,True,23.3,9.8,17686085711,17686085711,3309893739-1764363499-Run.tcx,False,1,0,False,1.024364896073903,6.273159520685731
2,"{'id': 87134634, 'resource_state': 1}",Leve (pt.2),5687.4,2052,2052,34.5,Run,Run,,Amazfit Bip 6,16556652742,2025-11-24T20:31:46Z,2025-11-24T17:31:46Z,(GMT-03:00) America/Sao_Paulo,-10800.0,,,,1,0,0,1,0,"{'id': 'a16556652742', 'summary_polyline': '`}xjCp`yfG@SSiBa@gA]u@oAwAeAu@}@{@_@UMCIDIL@\\`AhJXfBVpCZzAJLJFLDL@PGX_@Xm@FSAc@ScAIm@?U@ONKt@I`@ODE@MC_@E]Oe@s@wAaA{Ae@g@eCaBEG@CF@JFh@j@|AjAt@n@h@z@Rn@CJ_@`@W^ELEXDhBHv@ZvACb@m@dAQRWB[IOMIS[}BkAwKg@kD@UFMLCXJlAt@`BlAv@b@z@Z~@T`ALl@BnA?LBJHBHJt@FhASx@[fDUdAGd@AhA?hF@f@AZEDMFaADIDKTG|@Kf@Un@_ArAYNk@L_@BYAkASm@UkAu@s@]_@e@Sa@Yo@WYYSiAa@mA]e@QK?MFGAO]IIaBm@a@Gi@[w@[c@WSIIGCOGIWQaAc@]CS@SFINE\\IJ{@Za@JMFmATw@Vc@FeA^yA`@WBuBl@]PeAPaA\\{A\\}@^w@Nw@XeAPk@Pk@DgAd@yBd@c@Dc@AMCkAc@}@e@sAi@wAu@}As@EQDaACW@u@?GCAG@QLUF_G`AqDx@AF@FRn@@Zd@dABP', 'resource_state': 2}",False,False,False,False,everyone,False,g23956883,"[-22.906563, -43.223284]","[-22.888854, -43.227307]",2.772,3.8,85.2,True,157.3,171.0,False,True,23.3,7.9,17644060871,17644060871,3309893739-1764016306-Run.tcx,False,1,0,False,1.0573426573426572,3.2261486258460765
2,"{'id': 87134634, 'resource_state': 1}",Leve (pt.1),2657.5,1014,1014,9.2,Run,Run,,Amazfit Bip 6,16556652596,2025-11-24T20:11:02Z,2025-11-24T17:11:02Z,(GMT-03:00) America/Sao_Paulo,-10800.0,,,,0,0,0,1,0,"{'id': 'a16556652596', 'summary_polyline': 'j|ujCfuyfGNXJH|Af@`@Vr@Vf@X^Jb@X\\Lj@Nt@Af@C|Bk@PAh@SdEcA`GeBvCs@|@[x@UnC}@`@GbAYj@KRKx@UXQf@OBED]FMPIVCXF^Nl@b@jAd@^Tv@\\RPj@JbBp@TLlBh@dC`Ah@ZRRVXT`@RX\\Rf@d@t@b@f@NdAPb@@x@G\\OPOp@eAVo@FYKy@@QNKv@MHG@GF_A?gCG{BLuBTiAJ{A?]HMt@a@JOBQA_AOi@KMoAg@v@Z?BMB', 'resource_state': 2}",False,False,False,False,everyone,False,g23956883,"[-22.891094, -43.226592]","[-22.90765, -43.222115]",2.621,3.6,83.5,True,148.4,159.0,False,True,17.5,10.0,17644060777,17644060777,3309893739-1764015062-Run.tcx,False,0,0,False,1.0597035040431266,8.42599121845376
2,"{'id': 87134634, 'resource_state': 1}",Morning Run,7008.1,2438,2447,6.9,Run,Run,,Amazfit Bip 6,16533823204,2025-11-22T12:58:27Z,2025-11-22T09:58:27Z,(GMT-03:00) America/Sao_Paulo,-10800.0,,,,17,3,0,3,0,"{'id': 'a16533823204', 'summary_polyline': 'lmfkCpptfGXKD@Tr@FFF?NC`Aa@n@S`AK`@IPA`AJPFn@x@|AlAPT|@bBZnARjARx@Hh@Hr@P~@Hp@^vAj@`Df@~BLbAh@vCP~AB~A?hAIzFCj@ArAIvCItF?d@B\\@f@KdAA|@J`@Md@Ad@@ZHN@NChAEj@CHIJs@XIJM\\a@vAiAfDo@~BKn@KbBK\\MLo@`@eA`@wCrAcATqAHk@?u@C{@MiFaBkBa@s@U_@KaFu@WQQUGOAg@DeBAIGOWMi@Is@DUAGE]_@g@SQ?]D}Bp@o@VoA\\cBv@sAb@_E|@KASG}Au@Y[o@c@cB}@{@s@m@YeAo@yAuAa@g@UMMOgB_Dq@kBi@cASi@u@qCIc@u@kBIeAQk@Ay@Du@PqABi@XiAFe@Fe@@s@ImAAu@GmAUsBC{AUoDMgA?UJi@NYp@{@hAgBZi@TQZGl@IXDh@KbACzD[^Gj@A`AIh@BTB~Ad@bAj@nA`Az@`A~@x@bDjDp@j@x@|@fD|CjApA^Rf@h@p@f@r@x@RH^BN?h@K`C{@~@UvBm@p@_@LOJUFg@AUOe@Eq@Ia@]mA_@_AWeA_@wCEo@Ck@', 'resource_state': 2}",False,False,False,False,everyone,False,g23956883,"[-22.975741, -43.200246]","[-22.973807, -43.204171]",2.875,4.38,83.9,True,179.1,196.0,False,True,10.7,6.4,17620947601,17620947601,3309893739-1763816307-Run.tcx,False,5,0,False,0.9631490787269682,13.395219569731506
2,"{'id': 87134634, 'resource_state': 1}",Morning Run,293.9,103,103,0.0,Run,Run,,Amazfit Bip 6,16531237729,2025-11-22T09:58:36Z,2025-11-22T06:58:36Z,(GMT-03:00) America/Sao_Paulo,-10800.0,,,,0,0,0,1,0,"{'id': 'a16531237729', 'summary_polyline': 'pbgkCb}tfGc@_CSy@Yk@_@o@Sc@KKc@Ke@Uu@w@KGQC', 'resource_state': 2}",False,False,False,True,only_me,False,g23956883,"[-22.979124, -43.202257]","[-22.977603, -43.200115]",2.853,3.24,85.2,True,133.1,152.0,False,True,8.1,7.0,17618328673,17618328673,3309893739-1763805516-Run.tcx,False,0,0,False,1.286100676183321,12.38298909071218
2,"{'id': 87134634, 'resource_state': 1}",Fartlek,10002.0,3896,3973,29.0,Run,Run,,Amazfit Bip 6,16523087984,2025-11-21T09:49:12Z,2025-11-21T06:49:12Z,(GMT-03:00) America/Sao_Paulo,-10800.0,,,,1,0,0,1,0,"{'id': 'a16523087984', 'summary_polyline': 'h{ujChuyfGZFb@R\\H|DnB|Al@TLd@Dp@@z@M`@Qd@Kz@WvAWxEeAvBo@n@MlDgAd@Gb@MfAe@lBa@n@S^G\\Qn@WbAWLMb@UFSBSFKNGRAf@Hb@Nr@Z`@ZjAh@jA`@`@Tv@Xp@ZBJERi@jAO`@?DDLAF_@`AMP@FLHrEhBP?NAt@[tAc@t@]HANBNFbBhApAb@~@J|@KZK\\c@h@u@Zs@HWBYEo@DYHEj@KLOB[?aAAe@EMFIBS?sBBKDEFBBNFjA@rBDzAAJGJK?GIESGgG@_Bp@uGFMTIHBBH?Vk@tFEdA@b@Ep@FxFAl@E`@a@lBEFCGAi@Du@AaBBiC@oACkBFi@@_@ZsDCNQzCKnD?z@@d@?^DnADTHBFE@OAsBCm@HcCCdB@xDCRIFIAIUAcBE]FMBUCuBJgDRoB_@tE?p@Ej@?d@HvA@|AQjDIt@Bn@B?HKFSTqBBe@@gJRkCZkC?_@B_@AKECK?GBIVGj@GrAa@vDDpAC`CDfBK`CG`@?~@BHDEBK\\aCB}@@eBCM@qAEwBBo@De@b@wCHaAAOBc@AGCCQBEBI\\o@lHDzB@fDClAGv@?sCGqA]Ta@NQP?FDd@Ad@JvAEf@IVg@bA{@hAIFKBs@H}@@SAk@QWAsAu@a@_@]OI?EBSRUNk@NkAf@U@OAm@Kc@Qk@MaBo@OKCG?GnA}CR]Rg@?ISCUOeBu@]CWW]QSIMUMMaAi@aAg@c@OUCSBOHGLKh@IHcCr@eAN{@RWKgBsAs@w@c@[MCeBvB_@t@MJ_@Ne@@SHm@J[LY@SGQ@c@Fu@Ru@Fi@TqA\\e@Pk@F{Bf@}Ah@}AZo@F}@PQCuDgBO?EBIJQ~@INURiCbA}At@g@NIAQW]k@Qc@GB?H', 'resource_state': 2}",False,False,False,False,everyone,False,g23956883,"[-22.890927, -43.226601]","[-22.888796, -43.227346]",2.567,5.38,80.2,True,165.4,189.0,False,True,27.4,9.8,17610067344,17610067344,3309893739-1763718552-Run.tcx.gz.tcx,False,1,0,False,0.9311970979443773,15.523555431983112
2,"{'id': 87134634, 'resource_state': 1}",Morning Run,7014.8,2450,2450,19.2,Run,Run,,Amazfit Bip 6,16513152408,2025-11-20T09:56:01Z,2025-11-20T06:56:01Z,(GMT-03:00) America/Sao_Paulo,-10800.0,,,,1,0,0,1,0,"{'id': 'a16513152408', 'summary_polyline': 'd|ujCpuyfGZRj@PbBr@zAb@j@VHDFJTHLPPJL@r@EfAYj@Q|@Ql@SdBYhBe@dHkB|AYtBk@h@Un@Ql@St@OtBo@tA]r@_@HOB]TYZ?p@JjAf@X\\XLpBnAb@H~BbApDjAdAj@ZRPRv@vAVRZ\\jAv@p@V`APl@@j@ERGXW\\e@f@_AZ{@@cA@IDGPG^AHBBFAdBIbABNDDBCBG^sC@]A}@@eACw@?_BBo@?mAVoBVgCVmA?m@Gw@Me@EEGCeBBm@Ei@OsAUUBED?HBJd@dAZnAZzHVbEJdAHpCJ`AIv@Qf@Wd@cAfAi@No@Dc@?[E{@W_@S_BmA_@[W_@[w@_@aCGgAOuAAcA@wCAIEEE@AHDj@FdCFdBL~@RjAETCFIDc@Es@S_AQs@[KCM?OPG@CECYMScBq@]IOIU[qBeA}Aq@[MSAc@DQHIh@OHwA`@wAZy@Ta@F_@No@PgCl@oBj@uBh@{Ab@uCn@]ReCn@]FqCx@wAZk@@s@MyAq@_@Sa@Oe@UcB_AQIYE[QKBIFSbAQVONo@ZsA`@_@Pi@Pm@\\QBGAKOOYwAeDYy@?MlAWdDe@dE{@CA[BcB`@gANeAZa@Pe@Ji@Fg@NEL@L^x@Xx@', 'resource_state': 2}",False,False,False,False,everyone,False,g23956883,"[-22.891062, -43.226648]","[-22.888797, -43.227182]",2.863,3.58,86.2,True,172.5,185.0,False,True,18.8,7.9,17600023065,17600023065,3309893739-1763632561-Run.tcx,False,0,0,False,0.9958260869565217,5.866821719613012
2,"{'id': 87134634, 'resource_state': 1}",Morning Run w/ Marun,3580.8,1193,1193,2.6,Run,Run,,Amazfit Bip 6,16493803490,2025-11-18T09:46:12Z,2025-11-18T06:46:12Z,(GMT-03:00) America/Sao_Paulo,-10800.0,,,,9,3,0,11,0,"{'id': 'a16493803490', 'summary_polyline': 'twfkChotfG}@\\gB\\I?IKCg@DWRSZUd@o@RMj@Ch@SPCbBTd@TPRA~@]r@ANBXDLJPh@Vp@fA`@z@V`AX`Bn@xCTzAj@tCfCzNNtB@~@MbHAfBQhE?dAI|CD`CIj@E|@@PF\\Oj@@v@LT@LKrBBC@M@gBAIM]Ac@@QJ_@Gm@@y@Jy@?_CDyBPaF@wBN}EAgDE}AGa@mB}KgAuFIm@eAwFM}@]iA_@w@_@i@Uc@mAk@g@i@SMe@Km@GS?', 'resource_state': 2}",False,False,False,False,everyone,False,g23956883,"[-22.977382, -43.200043]","[-22.9772, -43.200076]",3.002,4.34,84.1,True,173.0,187.0,False,True,9.8,7.0,17580533928,17580533928,3309893739-1763459172-Run.tcx,False,1,0,False,1.0411560693641617,8.331728213342162
2,"{'id': 87134634, 'resource_state': 1}",HOKA,15260.9,4833,4947,12.1,Run,Run,1.0,Amazfit Bip 6,16463538201,2025-11-15T09:33:23Z,2025-11-15T06:33:23Z,(GMT-03:00) America/Sao_Paulo,-10800.0,,,,20,4,0,100,0,"{'id': 'a16463538201', 'summary_polyline': 'jx{jC|{nfGfAk@t@WvBc@|AIt@?fAFvBZjFfAzAX~N|ClDn@~EbAvCh@~GvAhCX~@B~@A|BQnAQ|Bm@^ORKx@m@h@k@|DkG`AiAr@o@pAo@nBo@x@Mh@CnBDn@HhAVdAd@v@d@h@d@xBbC|@lA|@bAz@pAf@n@|CdFVr@TdAH~@ClAWnBQh@@F]b@m@~@gCdF]~@Mh@Gl@@pAF^Jb@Vj@d@r@`ApA|@`Ah@b@n@b@`ClArA\\lAV~BRf@@`A?r@EnAMDBQDkBTg@@qACmAGgAM_AQq@Qk@UeAg@kBoAkAiAcAoAm@_Ac@cAMq@Cg@Ae@H_AJm@Vq@hBuDlBkD`@gALaB@m@Em@SiAK][q@oBkDe@q@oCsDwCgDq@q@i@g@y@e@wAk@g@KcAMa@Ce@FIBGJ?JHHr@@j@PvAR`AXf@R`@Rr@b@h@b@v@t@pB~B`BxBdA~AhAlBVXA@ZtAJnA?bAGp@Kn@K`@Yr@cAbBq@t@{@zAa@vAKx@GpAFpAVtAd@fA|AzBVZv@t@r@j@h@\\`Aj@p@Xz@XfB`@zARz@BjBAvBOJ?BDOFcBTq@Ds@@uAC{@EmBe@aBk@cAc@e@Wu@g@{BoBs@aAg@w@Yi@Uq@Qq@Ms@Eo@A_@JgBPaA^_Ah@cA~AeCl@oATs@Ly@FqACq@Ky@Y_Ai@cAoCiEuCuD_B_Bk@c@{@g@eBk@kAWgBGeAFaAVgAd@u@j@c@`@c@n@eCtEGB_@r@}@t@aAn@{@\\s@NaAFuAPyBRcBDuA@}@Eq@GkB[eAWuB_@mBe@yA[uGkAqJsB_OsC{@IgAEi@?gADkBVmAXs@XeAl@kBtAYVeCrDIJSLe@l@mAdAcAp@e@TuBr@cCd@kCT}@?iACuBOiASqCy@yAm@u@_@y@k@wCmCoAqAuAgB_@_AUq@UwAo@qHOs@Uy@g@{@a@a@o@a@q@WCEL@n@Th@X`@X`@b@b@t@ZdAP`A^fFTvATt@Vp@`@p@l@x@~@dAbA|@z@|@~B~A|@b@z@^pA^fBZnCT|B@`CSx@U`@Q|AcAh@i@bEqFf@k@T]Zu@R[bBuAz@k@', 'resource_state': 2}",False,False,False,False,everyone,False,g23956883,"[-22.921177, -43.171346]","[-22.921296, -43.171257]",3.085,4.28,88.5,True,178.8,190.0,False,True,11.0,6.3,17549976755,17549976755,3309893739-1763199203-Run.tcx.gz.tcx,False,13,0,False,1.035234899328859,2.5020513384209986
2,"{'id': 87134634, 'resource_state': 1}",Morning Run,5803.1,2207,2207,19.4,Run,Run,,Amazfit Bip 6,16450847660,2025-11-13T12:57:47Z,2025-11-13T09:57:47Z,(GMT-03:00) America/Sao_Paulo,-10800.0,,,,0,1,0,1,0,"{'id': 'a16450847660', 'summary_polyline': 'h{ujCluyfG^LlAj@|@f@lAh@`@Vf@Nt@d@LLD@t@K\\@`@GbA[n@KNIpEoAh@Kv@Yb@Mr@KBBLZD@@G?]DGrBq@`@GnBg@XCjA[`A]dBc@v@WROtAa@\\Qv@UHGDUT[RGT?NDRJdC|@ZNbBl@b@TRXHFv@\\NJ@LCNy@`Ca@x@SX@RPNhDfAf@RNDXGpAm@n@Of@YVKF?PDp@^\\?p@`@VHbBXP@ZA`@GNI~@kAb@iA?g@J[NOb@IFIDOBc@A}C@k@?g@G_@?WTcCN{@@i@Jq@AUCEKEUA_@BuAPOFGH?b@I`@JlC@JDCJBJFJLFNBXAx@Kp@@ZPfBARGj@DbAAr@Ih@_@v@y@jASLKBw@J}@KkAa@y@c@o@SUOOCYJ[Z{@^c@Jy@ZU?gAe@c@ISDMCk@[WI[YAGb@y@\\{@NYb@qA`@{@ALYj@IHE?AE?[IMw@W{@_@MKGWMM}@[sAm@_@U]K_@Qm@GQ@OFILKf@OLQFqAVaATgAZMBKEE?KJYN_AZqAVwGjB{@P}Af@cARYPq@LQHkATm@FGEc@u@ATPn@ADOHs@ReB^W@i@CoAg@cAe@s@UqBcAo@c@a@OMg@ILC\\QfAYb@]T_@JgAb@e@Te@Ny@d@', 'resource_state': 2}",False,False,False,False,everyone,False,g23956883,"[-22.890926, -43.226628]","[-22.889294, -43.227839]",2.629,3.66,83.0,True,162.1,176.0,False,True,17.5,10.0,17537169540,17537169540,3309893739-1763038667-Run.tcx,False,0,0,False,0.9731030228254165,9.139471481457509
2,"{'id': 87134634, 'resource_state': 1}",Afternoon Run,8014.6,2563,2625,21.7,Run,Run,,Amazfit Bip 6,16428731084,2025-11-11T19:23:05Z,2025-11-11T16:23:05Z,(GMT-03:00) America/Sao_Paulo,-10800.0,,,,2,3,0,1,0,"{'id': 'a16428731084', 'summary_polyline': 'j{ujCluyfGnCdAbF~BFJ?PH|@BDBABO@o@BAtAK|@SZOt@On@Sx@M`AWn@MnA]PKlASXKtBc@dC}@h@_@`@K^Uf@Gx@S^Ev@Qp@Sz@g@h@UXI`AOFIBUHM^QZAZF`Bv@dAz@z@ZXP^J|@\\p@ZFJAPK\\_@x@k@bBMPKCOMq@aAm@gAo@m@G?IBiAv@GLBX^bAXj@Tr@HLr@IdA]\\QFA~BjAfBj@^D`@EbBo@~@e@RGJ?LDXNdAt@l@XXHpAN~@GVKVUb@g@Xg@X}@BkAFQNIdAIHEFKFoAKuADcEv@_GBi@GMKAIBGHE\\q@fH?dC?nAD`AAl@CPEF]HU?MEGKE[QeBEgAKu@Ee@KwDOkB?m@DKRO|@QbBKHBFNE`BObBQbBC`F?xAEv@IJe@JOJI^Af@Qt@KXa@j@o@v@QHWFc@Dk@Ag@I_AUm@[i@_@k@YKCMI_@g@a@eAQWUQcAc@{Bu@I?GBKJMXMBCIFm@AKIKwEmBGGMWQMo@[a@I{@e@SCs@BGJGj@MNQHuFjAg@TkFpA}Af@g@JqBf@WLUDgAZe@HO?YP{A`@k@Lo@JGAKQGACFAXEFIDs@JaBb@s@BOA_@KiD{Ak@SwC}AGU?_AEs@LoCBiBGb@?x@Cf@?jAIf@CxAG|@WbAY\\}CvAyAh@UJI@IEIMe@_Ae@gAU{@[u@?Kp@W~AWrBa@t@KxBa@oARcAVw@L{Bd@}@LSFOJCD@J`AvBBd@Vz@', 'resource_state': 2}",False,False,False,False,everyone,False,g23956883,"[-22.890932, -43.226624]","[-22.888995, -43.227609]",3.127,4.4,84.7,True,175.1,190.0,False,True,18.7,7.9,17514926758,17514926758,3309893739-1762888985-Run.tcx,False,2,0,False,1.0715019988577954,12.658309215255304
2,"{'id': 87134634, 'resource_state': 1}",Afternoon Run,10009.2,3719,4166,16.6,Run,Run,,Amazfit Bip 6,16387623750,2025-11-07T20:18:53Z,2025-11-07T17:18:53Z,(GMT-03:00) America/Sao_Paulo,-10800.0,,,,0,2,0,1,0,"{'id': 'a16387623750', 'summary_polyline': 'p|ujChuyfG^Pt@^zCpAt@b@h@Lj@?f@PP?^IJKTK^I`AMx@[jBa@t@YDGXBHCh@Q`AO`@OlBa@pAc@VERKfA[XMx@On@Sr@QVM?IEId@LlAg@jBe@fAQJGDEBMBk@v@Ed@R`@Vx@Rj@T\\RxD`BDB@RPJ`@L^PhAX~Ar@^TXT\\f@b@r@X\\jA|@d@Xr@V\\Hj@Hf@@d@E\\GLKRSp@_ALYVw@BW@o@DKPIdAELG@EBM?_@IiDBy@FsAL}AJ]RsAAYWvBO|BC|DBhB?fBGh@]pBBEV_DDwDC_BH{BHiA^cDD_A?h@SzBWzBEh@BdAGpC@\\CZHdBK`AARBC@o@A{AD}DAaCk@ND@Db@Cv@?f@@D@UEaA@gA`@uFLqADKVGHBDFE^Cv@O|@_@fDAj@DlAEdC@tCIj@AVOh@EZCFCAA_@FiGAaBBgAFcBBM?]Hk@LuBKd@UlDA`ABl@CrC@pAGh@ClAEXCx@@BBAHmBAgADyB?_EFkAPeB@q@U|CEp@CnF?xACLBr@Ab@G`@?R@@F}@BgDEqEL_ANsCW`CGhF@bBA`@KPYDm@ZBH@\\Cd@Y~@SXw@`AIFe@Ly@B[C_AUa@Sg@WuA_Am@o@e@_ASWi@Yw@Y]Yg@Uc@YUAIBa@`AGDEG?GPw@CGIKmAi@m@OaC_AQSQYqAs@]Mg@CQBKJIREd@GF_Cp@{AXeCx@iBb@q@V}EnAeCv@eAV_@@KFoCv@}@JcAd@_@LoAV}@?a@IuAm@k@]_@MSOWKq@_@aCeAOFKLU~@Y\\]P_Br@oAd@]To@TGIq@{A_AmCUe@AGnAa@fBYx@I^I?E]Fm@PaCb@i@NOH@NPd@Bf@Vx@HT', 'resource_state': 2}",False,False,False,False,everyone,False,g23956883,"[-22.891122, -43.22661]","[-22.88884, -43.227283]",2.691,5.9,78.5,True,167.9,194.0,False,True,17.5,7.9,17473439923,17473439923,3309893739-1762546733-Run.tcx.gz.tcx,False,0,0,False,0.9616438356164382,11.726797657363772
2,"{'id': 87134634, 'resource_state': 1}",Afternoon Run,6002.8,1989,2008,19.4,Run,Run,,Amazfit Bip 6,16382950370,2025-11-06T19:49:58Z,2025-11-06T16:49:58Z,(GMT-03:00) America/Sao_Paulo,-10800.0,,,,0,0,0,1,0,"{'id': 'a16382950370', 'summary_polyline': 'h{ujChuyfGVNn@Pv@ZfFhCXJ@F?TBp@Hn@DQAiAAG@ErAClA]RKpAW`@Sv@SZQ|AUz@W^S^Ib@GPI`@GbA_@j@Et@OnA]h@Wn@SZEt@UxAYpCaABMLGxAc@DELe@^]D?h@LtB~@rAd@RNPR\\Vj@NpAh@PLBPCNk@pASr@Qb@QVSCGF@Hb@\\dE~ARDj@CdBc@TK`@_@PIPA\\F`@Tx@l@p@XvATP@l@G`@IPM\\a@b@o@Vm@HWBe@@m@DMJEbAGJCFMF{AE}E@q@n@cFFi@?_@IMM?EDGTQfCYpCCjAHlFEt@IJo@LOJERB`@ARI\\_@z@OVq@~@UL]Hs@FYAeAS}@_@OM_@Su@g@]@m@^y@PmAh@e@@YIg@WqA_@mAe@GEAKPc@Hg@dAqC@OEOOMi@QgBu@q@UoBaAsAi@IIG[CCg@DKHCNA`@GLq@Pi@Rk@HiB`@cAZiAXeA^uAZ}Bn@eBj@cATa@HgAXSBs@X{Bj@m@JSICPCDc@PqCl@c@@a@EsAu@aAc@OM?ICC_@Ac@QyBeAQKQQG@GPOhAY^YP}@XwB|@i@ZYHM@ECc@u@i@iAUw@i@oAXp@XfA', 'resource_state': 2}",False,False,False,False,everyone,False,g23956883,"[-22.890923, -43.226603]","[-22.888725, -43.227058]",3.018,3.78,84.2,True,173.5,188.0,False,True,17.5,8.0,17468740715,17468740715,3309893739-1762458598-Run.tcx,False,0,0,False,1.0436887608069163,9.213246303027802
2,"{'id': 87134634, 'resource_state': 1}",Afternoon Run,9393.6,3579,3602,39.9,Run,Run,,Amazfit Bip 6,16356877050,2025-11-04T20:29:35Z,2025-11-04T17:29:35Z,(GMT-03:00) America/Sao_Paulo,-10800.0,,,,1,0,0,1,0,"{'id': 'a16356877050', 'summary_polyline': '`{ujCptyfGHWFs@EuCFcCBMFKlA_@dCg@t@Al@@z@ChA?lAIj@QPQPWF_@@g@m@mAU[Q_@mAwAs@s@_AiASa@BGZQr@o@d@ULIf@s@f@ULDl@h@X^\\j@lAjADRPAHFbAnAx@n@\\`@NFhAbAt@h@TZxDnDJLt@j@H?b@]|@qAv@aAXYFQCGSOc@_@g@k@}@m@KEGDg@d@OHi@r@cAjAO?_@Y{AgB_BmA[a@]Wo@o@m@a@Yc@]Uu@{@]WU[y@w@IS@GFGF@PEt@o@`Ae@BGA_@[k@m@_@{@}@}@u@UOKCYBQH[DOF_@Hk@Cs@F_@AIDY@c@AeB\\wBJSQ_@YoAyAS]]c@EODSZe@ZQd@e@^Yr@Wf@KdBc@^[d@OhAg@VQp@SFZRf@Hx@Jd@Vb@b@lAd@lBBBJCBMAKSq@Ea@Mc@Oc@Yi@]cAGw@Og@BKbD_BbCq@vAe@x@]TSbA]ZERNB?DK@QDKXOf@e@^a@T]`@e@zByDZe@rAaAlAq@JBJLrAdDn@lAf@rA^r@Zr@DPPXx@pBh@dAHLFBH@RKDE@GK]Wi@_@cAu@eBQi@aCeF[i@CQL]NSPa@pB}B`EkFZSRChCGVBFFV`@PDHJ`BbG~@nCXdANp@b@tAJh@^rA@LGL?RNp@V|@?RRXHRd@hBLb@Jj@~@tC^|ANZBTKRAVFX\\\\DRCjAK\\G`@I~B_@l@IV?X@NXh@?f@u@vEA^WbBKnAm@|D_@fAEf@]`AcAdCIJMFQCWS_@c@S[WSG?OJ]d@K@q@WwBmAqAc@]Ec@AE@EFK~@IJq@N[LkCt@]Na@B}@XeBb@aBl@mDx@aBf@e@JkAb@[BoAXm@T_BPYRMFgCh@[Fc@?YE[KSM]M]Sw@_@WQc@Og@[kB{@SCO@QLMZId@IPQPa@ToBn@', 'resource_state': 2}",False,False,False,True,only_me,False,g23956883,"[-22.890886, -43.226485]","[-22.889907, -43.227495]",2.625,3.86,82.4,True,174.0,193.0,False,True,18.8,7.1,17442495928,17442495928,3309893739-1762288175-Run.tcx.gz.tcx,False,0,0,False,0.9051724137931034,5.222374270190187
2,"{'id': 87134634, 'resource_state': 1}",Morning Run,5617.0,1988,2008,29.5,Run,Run,,Amazfit Bip 6,16329909718,2025-11-02T10:20:23Z,2025-11-02T07:20:23Z,(GMT-03:00) America/Sao_Paulo,-10800.0,,,,0,0,0,1,0,"{'id': 'a16329909718', 'summary_polyline': 'v{ujCzuyfGx@`@fAd@fAj@rCnARLDPTGbAEtBk@tAc@vCo@bCs@^Ob@MPAVMhCg@fBe@h@M`Bg@d@SdAWh@G`@SdBg@b@[jAYDEDMDk@FELC^Bd@J\\\\JFr@Vz@f@~@^d@XtAd@v@`@DF@L{@lBCPBFFCF[h@aBHIDCH@XHb@FbCx@PJn@l@j@~@\\d@~B`Bh@TbAPn@Bd@AXIJIp@}@Ve@ZaA?s@BWBILIr@KB@DF@NKfC@l@DBFKD[L}AHsB?uACcEBu@HoAHc@JgAXqBPw@IoAE_@CGMOGMOM}Aw@w@g@s@g@]QWSi@WsAw@k@G}@Bo@FMDKHELARX|BDp@ZnBEf@Bd@l@|FXzA@PM\\sAbC_@z@u@~BKLOFc@?c@Es@QkAUmAa@KBOPE?GIC]GKg@Ua@Kw@_@U_@OMcFsB]IUAKBIFOl@GJmBd@]VoAj@]Dq@TkCl@WJa@FoCz@{Ah@q@NgALwAZaBf@uAXmAh@aAReBb@e@HU?QEg@YqAi@]UWMsEmB', 'resource_state': 2}",False,False,False,False,everyone,False,g23956883,"[-22.890994, -43.226692]","[-22.891018, -43.226701]",2.825,3.66,83.5,True,174.7,190.0,False,True,23.8,7.2,17415205649,17415205649,3309893739-1762078823-Run.tcx,False,0,0,False,0.9702346880366343,7.4250700394180456
2,"{'id': 87134634, 'resource_state': 1}",Afternoon Run,4076.9,1349,1353,75.7,Run,Run,,Amazfit Bip 6,16235897001,2025-10-23T20:49:18Z,2025-10-23T17:49:18Z,(GMT-03:00) America/Sao_Paulo,-10800.0,,,,0,0,0,1,0,"{'id': 'a16235897001', 'summary_polyline': 'plujCtnyfGACDElAOzCu@b@Ih@QnAYjAi@BOKk@?CPPN@vBYzB_@bFA\\DrBAFBFL`AbDHRVd@Lj@Pd@Zb@GFk@Ne@X_@H]@m@JKASk@i@gAW_@u@kB[aAWa@Oe@DGHCtAIj@OfAERBHHRv@JNDJBVHVXf@FZ\\v@Lr@Zp@{Al@}AZK?]m@YiAw@uAi@{Ac@y@[u@GEc@CaADIB]Xo@n@KRCJD^\\jAPb@Z|Al@jBLj@DLJ?PCbB_@r@KXMd@Kj@Ej@QXCTMvAQp@UZWLEXEj@@x@KdA]f@M`@URELIb@e@f@[jAsALIJAHDTHNJtCxC@DGFiCz@QBqCz@w@PaBh@c@HSJ}@ZM?{@PI?GGGa@O_@YUW_@QE[DiBl@_@Fa@RY@w@LyAh@_@Be@Ni@Fm@EcAJMGo@]gAa@]U', 'resource_state': 2}",False,False,False,True,only_me,False,g23956883,"[-22.888565, -43.225549]","[-22.891149, -43.226584]",3.022,5.487,85.5,True,171.0,189.0,False,True,27.4,8.2,17320104010,17320104010,3309893739-1761252558-Run.tcx,False,0,0,False,1.0603508771929824,9.618266371122136
2,"{'id': 87134634, 'resource_state': 1}",Morning Run,5267.1,1857,1862,17.0,Run,Run,,Amazfit Bip 6,16160150743,2025-10-15T10:32:14Z,2025-10-15T07:32:14Z,(GMT-03:00) America/Sao_Paulo,-10800.0,,,,0,0,0,1,0,"{'id': 'a16160150743', 'summary_polyline': '`{ujCjuyfGZHj@RzAt@jAf@r@`@pB~@ZDh@ChAY|Ae@PAzDgA~Ak@^G~@WRHFOLGbCs@r@M~@Wb@SbA]nASb@Op@K\\MhA[lAWFCDIJIVK^KHWDi@NGN?`@HdAj@zAp@TXLHr@VXR`@FPHp@Z^NFDDREXKZc@bAG^AVGTIPKH?HDF`@VtBz@n@R\\D^ExAg@ZQLOXQRGN?VHlA`Aj@ZpAZf@B^Al@KRKb@e@d@{@Te@Jg@A}@BSJGZGv@CHCBGD_@?mBE_BDyBb@uDJkABk@GKQ?EDGPSpCWxCAjEDfBEn@IHk@DKDG`@Cj@CXSh@uApBWJk@Je@D]C}@Si@Sc@Wu@e@k@UWOW_@a@aAOUYS{BaAgA[g@Ku@a@_A_@Q[UQmEoBiA]IAYBKDEJE`@GHSHe@H_@XaCx@o@FiBj@YF_Dz@iA`@{@Rg@Ri@LEFARCDCAGMGA]Hq@Fw@Xm@JcA\\gAVo@POJU@eD|@a@Ba@A]Si@WqBu@wA{@yB_AG?GHSz@IVKHS?', 'resource_state': 2}",False,False,False,True,only_me,False,g23956883,"[-22.890886, -43.226618]","[-22.890613, -43.227198]",2.836,3.948,86.0,True,159.1,177.0,False,True,17.5,10.0,17243734381,17243734381,3309893739-1760524334-Run.tcx,False,0,0,False,1.0695160276555626,7.35083768550508
2,"{'id': 87134634, 'resource_state': 1}",Teste loucura,1978.0,907,907,0.0,Run,Run,,Amazfit Bip 6,16141959461,2025-10-14T20:06:23Z,2025-10-14T20:06:23Z,(GMT+00:00) GMT,0.0,,,,0,0,0,1,0,"{'id': 'a16141959461', 'summary_polyline': '', 'resource_state': 2}",True,False,False,True,only_me,False,g23956883,[],[],2.181,0.0,82.5,True,128.4,165.0,False,True,0.0,0.0,17225371169,17225371169,3309893739-1760472383-Run.tcx,False,0,0,False,1.019158878504673,
2,"{'id': 87134634, 'resource_state': 1}",Evening Run,2889.4,869,869,4.3,Run,Run,,Amazfit Bip 6,16142479073,2025-10-14T21:07:24Z,2025-10-14T18:07:24Z,(GMT-03:00) America/Sao_Paulo,-10800.0,,,,0,0,0,1,0,"{'id': 'a16142479073', 'summary_polyline': '~uujChizfGLXBPFl@@v@CPGV[|@?LIVKPYVWFa@XEHsAdBGPCN@RFN\\j@B^JZt@|@pBpC@TEPSTeA~@?FHRl@l@Rd@h@l@h@d@xAlBXn@`BbC~AbBn@hA|@fAZf@t@~@Zl@BN?HGHk@RWTu@XS?a@UKA?XMTWv@_@f@s@lA}A~CaC~Dc@`@I\\MZeC~DW\\Yp@m@`AQb@eAdBSb@{@|@Uh@i@~@q@dAc@h@]n@Y^[t@}AlAs@^k@N{Bf@q@Pg@RyAZ}Ab@mAX}@V_@Ro@Li@R', 'resource_state': 2}",False,False,False,False,everyone,False,g23956883,"[-22.890073, -43.229806]","[-22.882675, -43.249358]",3.325,4.065,87.4,True,172.7,191.0,False,True,13.8,5.3,17225893054,17225893054,3309893739-1760476044-Run.tcx,False,0,0,False,1.1551823972206139,8.01479966783935
2,"{'id': 87134634, 'resource_state': 1}",Morning Run,9062.9,3039,3271,24.2,Run,Run,,Amazfit Bip 6,16095811477,2025-10-10T13:01:37Z,2025-10-10T10:01:37Z,(GMT-03:00) America/Sao_Paulo,-10800.0,,,,3,2,0,1,0,"{'id': 'a16095811477', 'summary_polyline': 'p{ujCnuyfGtA^v@Zl@\\b@N`@Tp@d@`Af@TDRAx@I`@KVAN@LCbCw@lBa@fA[l@SjASv@Yv@OXSTKx@MzAc@TClAi@bDq@t@Qf@SzA]b@[PEVCJCJ]BUCSe@eCMuASs@S_@Qc@BYCY@GDAt@b@RFPXx@dAZTLR|AzAVLDLJLl@`@j@x@jAhALb@LRv@t@LTNL\\TNLTLLDz@Nx@Xp@\\\\XVZ`AlBhA`AXPjA^dANR@n@IPCNIv@aAV_@Z{@B]Cw@BIDGLEl@CFBDH?\\OjC@f@f@sCBa@AWCGKEy@BSFGHAFN[n@GFDBHAb@KfB@RBDBADENs@L_A@[G{IHaAb@}CLyAVwA?[GiAIYMKqBEyAM[Ay@QI?EF@Tf@pAP|@RhDDpBBZF\\HHF@hAEF@HDDFFXDfAA`AFlCCnAMpBGf@BHDGPk@TyAD_KDo@t@kGASGIICOFITGd@M~AUzBEJEDq@Nc@DWHCBHdCTxDJLh@BTCHKD{@@qCAi@IcAGOIEIA}@HOFCNFt@BbBRfE@l@Ab@K^Sb@y@hA[Zc@La@FY?W?]GuAg@u@o@KA`@TZLoAq@YIQBsAt@gA\\]FQ?[Cu@Wc@IwBy@IICMKAK@IEE[Sa@m@iA}@sAGAE@s@`@]HQ?kAuBMSKEMDKJq@vBKhAQnAP{@Hu@XuBDIIA?QXyA?EEA_@BaANo@Vi@Pw@Lq@XYFk@Bk@Hm@NeCp@y@P_AV}A\\mDdA{A\\y@Va@FQEGNGDa@LsAVYJYDs@BUAcDmA[Ww@[g@YwAk@KIGQCk@BaBGo@Ac@BmAHmANKxAa@~B_@BB{A\\qB\\QHMx@KvB?nBGx@a@bCQRk@\\aA^WNqAb@_@RWH', 'resource_state': 2}",False,False,False,False,everyone,False,g23956883,"[-22.890968, -43.226638]","[-22.889256, -43.227802]",2.982,4.13,86.0,True,167.9,190.0,False,True,18.5,9.1,17178690271,17178690271,3309893739-1760101297-Run.tcx,False,0,0,False,1.065634306134604,7.172000054484336
2,"{'id': 87134634, 'resource_state': 1}",Afternoon Run,2451.6,715,715,7.1,Run,Run,,Amazfit Bip 6,16090945468,2025-10-09T19:51:38Z,2025-10-09T16:51:38Z,(GMT-03:00) America/Sao_Paulo,-10800.0,,,,1,1,0,1,0,"{'id': 'a16090945468', 'summary_polyline': 't}xjCzeyfGXfCDjATlBFrBFp@?hACZM`@e@`AcA`AQFe@Fe@@i@Ec@Ek@OaAi@u@k@OIOEK?GD[ZOHyAf@a@LK@_@As@M_DiAMIEGBWQKOOkAeBo@gA?QFQd@g@?IIQQWUa@_Ao@AEBGEEsAk@[GY?IBEHC^EPWRYLcCl@iBn@YLqBf@kB^iBl@g@JeAZqAVaAXy@P{@Xs@N}C|@a@Fs@ZuA\\g@B]GYOuDeBmAo@oAi@', 'resource_state': 2}",False,False,False,False,everyone,False,g23956883,"[-22.906668, -43.224133]","[-22.891106, -43.226728]",3.429,4.813,88.3,True,163.9,173.0,False,True,17.5,10.3,17173761437,17173761437,3309893739-1760039498-Run.tcx,False,0,0,False,1.2552776082977424,1.369829131997566
2,"{'id': 87134634, 'resource_state': 1}",Afternoon Run,3069.8,1252,1378,22.4,Run,Run,,Amazfit Bip 6,16090945331,2025-10-09T19:16:06Z,2025-10-09T16:16:06Z,(GMT-03:00) America/Sao_Paulo,-10800.0,,,,1,0,0,1,0,"{'id': 'a16090945331', 'summary_polyline': 'h|ujCpuyfGBDjA`@~CpAb@VhAb@RRnAB|@O`@Qt@SXCt@YzAYvCy@nCo@x@[t@UZARGvBy@ZG`Bg@t@QX?PA|Ao@lBi@VQXKDGJc@LKTCVBZHjB|@t@Vb@^^RTPh@NbBn@FFBHC^BJDCNWJAjAPd@Nr@\\jATPN\\d@FNLh@HXHJTRb@V|@l@^PvAZ`@@XCl@K\\W`@m@Xi@Vq@FYGmAOaBA}@OaBAeAEsAW{CE}@EMGAk@?i@FGBER@RNr@ZhAGd@ENGNc@b@QNQFOJKXEKEAe@F[TQXb@s@ZYjASZOL?DC^F^A^]JWBMGo@Ks@CIMIEDAHMDBOKE', 'resource_state': 2}",False,False,False,False,everyone,False,g23956883,"[-22.891083, -43.226649]","[-22.90628, -43.223761]",2.452,3.674,78.3,True,139.3,165.0,False,True,23.8,10.3,17173761262,17173761262,3309893739-1760037366-Run.tcx,False,0,0,False,1.056137832017229,27.64401578999288
2,"{'id': 87134634, 'resource_state': 1}",Evening Run,5136.1,1672,1730,2.0,Run,Run,3.0,Amazfit Bip 6,16046918836,2025-10-05T22:34:30Z,2025-10-05T19:34:30Z,(GMT-03:00) America/Sao_Paulo,-10800.0,,,,14,1,0,1,0,"{'id': 'a16046918836', 'summary_polyline': 'vbgkChmzfGNe@X_@DM@a@CSQg@Gw@]w@KgAQu@Io@GOCiAIm@Ag@M{@CWHYRMRArAFZC~@JVGZ?lAJn@Hz@?`BFX?VDdAp@RZl@h@z@vALFTDd@b@|@b@RPNVXJRL\\`@b@`@^d@FJ?XZKN@n@Z~@^d@Lj@DvAAn@Cp@Kb@?h@_@b@St@e@lAiATGb@YtAq@\\K@CQw@O]Ek@G]b@SBG?MWq@Oo@_@{@Mc@E]{@yCWyA]cDG_AUiBCo@a@cDe@{FCaBIw@EeAI{@Cy@WcCKwCIcACo@WmEGeCKmCU{BAi@ByDNmEA}DD_CFo@BiCJsBAa@PiHBqDN_FJ{A@eCDoBAqAZiKFqEF}APaJDc@RgALe@XsAIRQREL]pBMf@Ip@K@ECKU', 'resource_state': 2}",False,False,False,False,everyone,False,g23956883,"[-22.979154, -43.230445]","[-22.986784, -43.197943]",3.072,4.36,85.0,True,174.2,191.0,False,True,17.8,10.2,17129321021,17129321021,3309893739-1759703670-Run.tcx,False,8,0,False,1.0580941446613088,-2.4802324472757444
2,"{'id': 87134634, 'resource_state': 1}",Fashion Run • Heineken,5710.2,2337,3050,16.6,Run,Run,0.0,Amazfit Bip 6,16030195123,2025-10-04T12:16:14Z,2025-10-04T09:16:14Z,(GMT-03:00) America/Sao_Paulo,-10800.0,,,,4,0,0,24,0,"{'id': 'a16030195123', 'summary_polyline': '`vbkCthqfG`@Kr@_@@C?G_@iAOi@e@}@Yw@C_@GMG_@Sk@Ow@Ui@Ea@w@iAe@_AC_@AqAEs@Ge@@uACg@@_@EWEEIBWNE?LKBi@Iu@?QDSTKTCXKj@CBAQGWA}@Hu@BG@J?tB]b@DDBEJkAJ]LYVMV@NNRSGaBu@qAaAa@c@wAq@uAaA[OYIq@e@OEYDKAcAgAiAy@]O?C]QM]?OSKMAIF_@l@Oh@GN]`@MVg@p@Sl@U\\?^GRIDIHI\\G\\]d@Yf@e@jAUt@Mv@Ar@Gz@?lAKfAWx@Sf@SZYVa@Ri@AG@KJ]l@o@h@a@Xq@Rq@NmANkCFe@Ce@Mc@?eAOo@Os@WsAo@WUWOo@u@KGK@?ADEJBPNT^NLxBfAz@Rx@Vn@Lx@NzAFj@?XC`AOjAK`ASd@Sj@a@X[Tg@JKJCp@ALCRITUXi@P_@VaAD]?[CmDB]Hc@hA{CR[lA{CHGNY`AyBzAyCXRVh@n@ZtAz@ZZf@n@LBVEPDb@b@l@TnClBl@\\TFl@h@|ClBHb@B`@b@UD?DBBHATD\\DjBFn@Jd@Bd@DxBCJVZZj@z@dCb@|@b@hAjAnE^fA?FMQIAM?CIDAAC?DDCBGA@D?@DBAaBt@CB?DD??@GCACCA@H?AFBDAEI', 'resource_state': 2}",False,False,False,False,everyone,False,g23956883,"[-22.95665, -43.183629]","[-22.956615, -43.183621]",2.443,7.02,79.5,True,156.1,190.0,False,True,12.1,6.1,17112340387,17112340387,3309893739-1759580174-Run.tcx,False,0,0,False,0.9390134529147983,11.514950713201014
2,"{'id': 87134634, 'resource_state': 1}",Vascorrida,4912.6,1397,1397,36.2,Run,Run,1.0,Amazfit Bip 6,15963435415,2025-09-28T10:45:20Z,2025-09-28T07:45:20Z,(GMT-03:00) America/Sao_Paulo,-10800.0,,,,1,0,0,50,0,"{'id': 'a15963435415', 'summary_polyline': 'x{ujCtdzfG~BWp@OrAO~@Gt@AnAGzBQX?l@DjCAtAP\\AdAUlCaAxAYbAYFEEAK@q@Ru@XM@IGOY_A{DQoAFOh@W|@WbAQ`Ck@bGgB`B]pBo@[BmA`@_ARoBn@cA^qAZq@LaCr@wD~@mAb@uCz@c@Bo@ReCh@gA\\k@LYBm@Am@MoAm@{@]KM?CFGbAYnDo@zAk@NMAWI]Ym@W{@wAiEQo@IOOIQA}A@w@DoDl@OHKNK\\MHw@NgAPsAd@}@NiDp@yAb@CJ@Hd@nAHFL?p@Kr@AxBYbASbCs@ZARBHNBRCtAQlBCLMTe@\\sAh@m@XaA\\k@XCDrAg@d@YhCkANKLUVcAJIF?l@Zv@XhB|@|An@bAh@DHBRLvBAv@EFIBgDVeANI?IGCIYaC', 'resource_state': 2}",False,False,False,False,everyone,False,g23956883,"[-22.891007, -43.229066]","[-22.891402, -43.228179]",3.517,4.74,91.2,True,171.2,197.0,False,True,29.6,7.8,17044621569,17044621569,3309893739-1759056320-Run.tcx,False,0,0,False,1.2325934579439253,25.560074279220096
2,"{'id': 87134634, 'resource_state': 1}",Morning Run,0.2,0,6,0.0,Run,Run,,Amazfit Bip 6,15962792682,2025-09-28T10:35:02Z,2025-09-28T07:35:02Z,(GMT-03:00) America/Sao_Paulo,-10800.0,,,,0,0,0,1,0,"{'id': 'a15962792682', 'summary_polyline': 'p{ujCldzfG??', 'resource_state': 2}",False,False,False,True,only_me,False,g23956883,"[-22.890969, -43.229021]","[-22.890967, -43.229023]",0.0,0.076,,True,0.0,84.0,False,True,13.7,13.7,17043962334,17043962334,3309893739-1759055702-Run.tcx,False,0,0,False,,-153.1262605889471
2,"{'id': 87134634, 'resource_state': 1}",Longo | Marun,9187.8,3239,3578,10.9,Run,Run,,Amazfit Bip 6,15951723392,2025-09-27T10:11:24Z,2025-09-27T07:11:24Z,(GMT-03:00) America/Sao_Paulo,-10800.0,,,,16,5,0,8,0,"{'id': 'a15951723392', 'summary_polyline': 'xgbkCf`nfGBTMx@IRIFsDu@YFmAf@UDu@XUNq@RYNqAXaBd@ICGGo@s@IE[GQIwAY_AeAaA{Au@w@}AwBaAgAk@y@Ww@EW?Q@QJ_@f@}@x@aC@SI_@BYAQCQKY_@e@IEOAODa@V{@ZED?Dh@e@x@m@XCRDNLJRN`ABXTz@@TIVOPQZs@x@Yh@KVCZBp@DXNZn@t@LRj@p@`@p@dAvAv@z@lApBZ\\NHjBZ`@P^XrCvDfA`BzDnFl@z@Ld@?XEVaAdEo@vA]bAWd@GVc@dAgA~A]|@eBpCi@t@SVW|@SXe@d@EPA`@CVYf@y@zBs@`B[dAKr@EbBBfBGf@Sp@EBE?G]QQa@MI@_@p@SNQVO\\IHc@RSPS\\IVAt@CRQLa@NQB_E^kA?i@EsCm@m@QcBm@kBmAkA_A_A{@eA_Bi@kAI_@Ao@F_AHm@Vy@lEqILYPq@RqAD_AEaAOiAMc@[u@iB_DkAeByBuCyDgEm@w@iB}A}AeAd@Rd@\\rAbAVZTNfAvAxAzAjBvBdClDnBbDZl@\\bATbBBr@GfAIp@Qn@Wl@cDlGi@fAMd@Qt@K~AD`@DTj@jATj@NXXZf@XtAnAn@x@nBbA|Ab@lAT`@Bb@HrCH|@KpAK\\Eh@QTIl@_@d@e@^o@JE^@RCTMVUR]P_@Z_AHc@Bm@CaDJw@L_@dA}B`AuClC{E~@{BFGPELKr@}A\\e@P[r@_Bf@cAh@{@V[HSJa@\\gAb@yBp@_Cb@kCr@iDLmA^iBRo@XgBPo@', 'resource_state': 2}",False,False,False,False,everyone,False,g23956883,"[-22.954367, -43.166917]","[-22.954348, -43.167542]",2.837,3.995,85.1,True,162.2,180.0,False,True,11.5,5.6,17032615306,17032615306,3309893739-1758967884-Run.tcx,False,10,0,False,1.0494451294697904,7.91427727911297
2,"{'id': 87134634, 'resource_state': 1}",Afternoon Run,5801.6,2016,2210,14.8,Run,Run,,Amazfit Bip 6,15946375252,2025-09-26T20:48:20Z,2025-09-26T17:48:20Z,(GMT-03:00) America/Sao_Paulo,-10800.0,,,,0,0,0,1,0,"{'id': 'a15946375252', 'summary_polyline': 'f{ujChuyfGPPZPRBr@X~At@^TrBz@NHNPxAKx@Qv@[h@ON?l@MhBe@pAWv@]vAc@LALBVG\\O^KdASvBk@v@Yd@WRIlDu@\\MZY\\O~A[p@UFGH_@NWJGN?n@LRJNPt@VnAx@~@b@NLh@J|An@`@Jh@Zz@P`C~@n@l@V\\f@|@`@b@vBrAj@Pz@L^@f@EZMTShAcBXs@D]Am@BILEjAMFEBGBgACcA?_AAoA@]Ai@XoA?WTwA?UF]HaANm@?c@KiAM[GGICaB?gBUc@Ai@KUBED?LBBPITCvBRrADt@AJ@HFHNVlBENc@RKLMl@It@QrCIr@?pDEnAAzACVIH]BSLIRKtAUl@qA`B]Lo@Hi@@m@Ic@MkAi@wA}@o@o@[s@Y_@KMa@WmAi@_@Eu@U]AAB@?GA[YOIqAe@YGm@_@cDqAs@_@OEQDKJO\\Kz@SXKJKGCKH{@CCM?WJm@Jg@Ps@Pe@F{Al@i@Ne@HeCl@eBj@oCx@KF?LSMU@oA^_B\\mAd@}@Nq@Vy@Nq@RiATS@g@JYAMKs@YoAo@yFgCGDU`AIPWVGB]Ae@Jk@Va@LUP', 'resource_state': 2}",False,False,False,False,everyone,False,g23956883,"[-22.89092, -43.226605]","[-22.889762, -43.227582]",2.878,4.773,85.5,True,159.6,180.0,False,True,17.5,9.8,17027128747,17027128747,3309893739-1758919700-Run.tcx,False,0,0,False,1.0819548872180451,8.522952748967953
2,"{'id': 87134634, 'resource_state': 1}",Long run,11997.8,4306,4440,68.5,Run,Run,2.0,Amazfit Bip 6,15881258684,2025-09-20T21:14:30Z,2025-09-20T18:14:30Z,(GMT-03:00) America/Sao_Paulo,-10800.0,,,,4,0,0,1,0,"{'id': 'a15881258684', 'summary_polyline': 'h|ujCxuyfG~BnA~BbAdB|@b@Bl@Ct@Sp@Yl@GzAi@bDw@nAe@`ASfA_@xAYNIp@MdBg@TExAi@pA[jB]f@SfBe@XS`@IDKBOJSTSRCt@T\\Rp@XVXTPb@Rb@N\\P@HGJ_@P[ZQV?NRj@rA|B^\\FAJO`AmCFEJBXe@LIF?t@NZT|Af@j@X\\Z^t@x@dArBpAf@Rt@Nn@Df@A^ILIn@s@\\m@Xm@FWDe@?a@BOXK`AIHCBGFeAAc@KiABwARgCDkATsBL}@TU^Sl@Eh@Mf@BNNJTNl@Bd@@~AExBOrBClBHzBDTTb@DNATOp@@`@H^NVr@x@JAHODk@IY[_@OIMAMHCTFPPHn@?hDKx@_@TMx@qAn@YLKHO@QCGIAI@GFGP?h@CPIN]VMb@Q|BDl@?h@m@hHAl@G\\AV?xCFdALxA?tAHV\\TFLLhAd@lAAn@Ob@QZ]T[Ju@Hk@AMIU?OGCKBOs@fIW`BUbAC^Qj@ALWl@c@~Ac@tADFHATk@JGN@JJBNCNWf@DJbADj@JFD@P]l@_@L_ANID?JZdATh@Nh@lAvBl@xANXRTJV[b@]V_B~@D@VGtAmAPETDHL|AnDl@bABJTd@D?xA}BbCyC|@}@p@eAv@u@d@m@hA_B\\]LYn@}@ZQCc@Mi@Bm@Fe@A_AC[_@iCW{A]mCQ_A[aAODGGWEWJNMX_AXeBCWBIJKBEAWGEOA{DGaCm@m@IYKWO[a@Qm@WqAISSQg@YMWCsAKmAE}@AsCDk@Hw@J_CPoCHs@?iBDaBJm@^YHMBOAq@DMJINALDBH?NIP}@f@{@fAg@Xi@RuCL_A@OIIQ@UHKPEPDXRJNDX?`@ITKJKAQOo@s@ISG]A[@[JYPYFQYo@WUEMGi@Ck@?aANmDFyDGi@Kk@GQMM[Eq@D]Dq@VMNK`@Q~@Cl@StAEt@AdECtA@tAMHaALOHIT?d@ERQf@Yl@a@j@e@f@a@Pa@Hg@@q@KmAe@m@[yAeA]g@k@kA[U{CiAw@UW?USiAg@wD_BKIQUm@a@oAc@w@EG@GHIh@EFUJSP_@PyD~@aBl@sBf@oA\\e@RwCz@_BXeA\\e@J_EbAs@T{@NaBd@uAAg@GgB}@i@QgDiBk@UY@KFIPOd@a@d@_DtA', 'resource_state': 2}",False,False,False,False,everyone,False,g23956883,"[-22.891087, -43.226684]","[-22.889811, -43.227548]",2.786,3.8,83.6,True,179.2,191.0,False,True,33.4,9.6,16960373907,16960373907,3309893739-1758402870-Run.tcx,False,2,0,False,0.9328125,9.01126408440747
